<?xml version="1.0"?>
<!--<!DOCTYPE metadata SYSTEM "http://www.esri.com/metadata/esriprof80.dtd">-->
<metadata xml:lang="en"><Esri><MetaID>{FCEB7B90-64E4-49CA-B8E6-E3584011691F}</MetaID><CreaDate>20110413</CreaDate><CreaTime>10293100</CreaTime><SyncOnce>FALSE</SyncOnce><DataProperties><lineage><Process Name="Calculate Field" ToolSource="C:\Program Files\ArcGIS\ArcToolbox\Toolboxes\Data Management Tools.tbx\CalculateField" Date="20110413" Time="102931">CalculateField Census2010.shp workplan "[workplan] = 1" VB # Census2010.shp</Process><Process Name="Calculate Field" ToolSource="C:\Program Files\ArcGIS\ArcToolbox\Toolboxes\Data Management Tools.tbx\CalculateField" Date="20110413" Time="103009">CalculateField Census2010.shp workplan "[workplan] = 1" VB # Census2010.shp</Process><Process Name="Calculate Field" ToolSource="C:\Program Files\ArcGIS\ArcToolbox\Toolboxes\Data Management Tools.tbx\CalculateField" Date="20110413" Time="103128">CalculateField Census2010.shp workplan "[workplan] = 1" VB # Census2010.shp</Process><Process Name="Calculate Field" ToolSource="C:\Program Files\ArcGIS\ArcToolbox\Toolboxes\Data Management Tools.tbx\CalculateField" Date="20110413" Time="104948">CalculateField Census2010.shp workplan "[workplan] = 1" VB # Census2010.shp</Process><Process Name="Calculate Field" ToolSource="C:\Program Files\ArcGIS\ArcToolbox\Toolboxes\Data Management Tools.tbx\CalculateField" Date="20110413" Time="105018">CalculateField Census2010.shp workplan "[workplan] = 1" VB # Census2010.shp</Process><Process Name="Calculate Field" ToolSource="C:\Program Files\ArcGIS\ArcToolbox\Toolboxes\Data Management Tools.tbx\CalculateField" Date="20110413" Time="105152">CalculateField C:\censuswork3\analysis\census2010.shp workplan "[workplan] = 1" VB # C:\censuswork3\analysis\census2010.shp</Process><Process Name="Calculate Field" ToolSource="C:\Program Files\ArcGIS\ArcToolbox\Toolboxes\Data Management Tools.tbx\CalculateField" Date="20110413" Time="105231">CalculateField C:\censuswork3\analysis\census2010.shp workplan 1 VB # C:\censuswork3\analysis\census2010.shp</Process><Process Name="Calculate Field" ToolSource="C:\Program Files\ArcGIS\ArcToolbox\Toolboxes\Data Management Tools.tbx\CalculateField" Date="20110413" Time="105408">CalculateField C:\censuswork3\analysis\census2010.shp workplan 1 VB # C:\censuswork3\analysis\census2010.shp</Process><Process Name="Calculate Field" ToolSource="C:\Program Files\ArcGIS\ArcToolbox\Toolboxes\Data Management Tools.tbx\CalculateField" Date="20110413" Time="105425">CalculateField C:\censuswork3\analysis\census2010.shp workplan 1 VB # C:\censuswork3\analysis\census2010.shp</Process><Process Name="Calculate Field" ToolSource="C:\Program Files\ArcGIS\ArcToolbox\Toolboxes\Data Management Tools.tbx\CalculateField" Date="20110413" Time="105512">CalculateField C:\censuswork3\analysis\census2010.shp workplan 0 VB # C:\censuswork3\analysis\census2010.shp</Process><Process Name="Calculate Field" ToolSource="C:\Program Files\ArcGIS\ArcToolbox\Toolboxes\Data Management Tools.tbx\CalculateField" Date="20110413" Time="105726">CalculateField C:\censuswork3\analysis\census2010.shp workplan 99 VB # C:\censuswork3\analysis\census2010.shp</Process><Process Name="Calculate Field" ToolSource="C:\Program Files\ArcGIS\ArcToolbox\Toolboxes\Data Management Tools.tbx\CalculateField" Date="20110413" Time="105829">CalculateField C:\censuswork3\analysis\census2010.shp workplan 99 VB # C:\censuswork3\analysis\census2010.shp</Process><Process Name="Calculate Field" ToolSource="C:\Program Files\ArcGIS\ArcToolbox\Toolboxes\Data Management Tools.tbx\CalculateField" Date="20110413" Time="105846">CalculateField C:\censuswork3\analysis\census2010.shp workplan 0 VB # C:\censuswork3\analysis\census2010.shp</Process><Process Name="Calculate Field" ToolSource="C:\Program Files\ArcGIS\ArcToolbox\Toolboxes\Data Management Tools.tbx\CalculateField" Date="20110413" Time="110232">CalculateField Census2010.shp workplan 1 VB # Census2010.shp</Process><Process Name="Calculate Field" ToolSource="C:\Program Files\ArcGIS\ArcToolbox\Toolboxes\Data Management Tools.tbx\CalculateField" Date="20110413" Time="110304">CalculateField Census2010.shp workplan 2 VB # Census2010.shp</Process><Process Name="Calculate Field" ToolSource="C:\Program Files\ArcGIS\ArcToolbox\Toolboxes\Data Management Tools.tbx\CalculateField" Date="20110413" Time="110700">CalculateField Census2010.shp wtf "e" VB # Census2010.shp</Process><Process Name="Calculate Field" ToolSource="C:\Program Files\ArcGIS\ArcToolbox\Toolboxes\Data Management Tools.tbx\CalculateField" Date="20110413" Time="110746">CalculateField Census2010.shp wtf 2 VB # Census2010.shp</Process><Process Name="Calculate Field" ToolSource="C:\Program Files\ArcGIS\ArcToolbox\Toolboxes\Data Management Tools.tbx\CalculateField" Date="20110413" Time="111954">CalculateField Census2010.shp wtf 2 VB # Census2010.shp</Process><Process Name="Calculate Field" ToolSource="C:\Program Files\ArcGIS\ArcToolbox\Toolboxes\Data Management Tools.tbx\CalculateField" Date="20110413" Time="112033">CalculateField Census2010.shp wtf 2 VB # Census2010.shp</Process><Process Name="Calculate Field" ToolSource="C:\Program Files\ArcGIS\ArcToolbox\Toolboxes\Data Management Tools.tbx\CalculateField" Date="20110413" Time="112231">CalculateField Census2010.shp wtf 2 VB # Census2010.shp</Process><Process ToolSource="C:\censuswork2\census.gdb\MyTools\CalculateField" Date="20110413" Time="112654">CalculateField Census2010.shp wtf 1 VB # Census2010.shp</Process><Process ToolSource="C:\censuswork2\census.gdb\MyTools\CalculateField" Date="20110413" Time="112737">CalculateField Census2010.shp workplan 3 VB # Census2010.shp</Process><Process Name="Calculate Field" ToolSource="C:\censuswork2\census.gdb\MyTools\CalculateField" Date="20110413" Time="113044">CalculateField Census2010.shp workplan 11 VB # Census2010.shp</Process><Process Name="Calculate Field" ToolSource="C:\censuswork2\census.gdb\MyTools\CalculateField" Date="20110413" Time="113111">CalculateField Census2010.shp workplan 11 VB # Census2010.shp</Process><Process Name="Calculate Field" ToolSource="C:\censuswork2\census.gdb\MyTools\CalculateField" Date="20110413" Time="113135">CalculateField Census2010.shp workplan 11 VB # Census2010.shp</Process><Process Name="Calculate Field" ToolSource="C:\censuswork2\census.gdb\MyTools\CalculateField" Date="20110413" Time="113202">CalculateField Census2010.shp workplan 11 VB # Census2010.shp</Process><Process Name="Calculate Field" ToolSource="C:\censuswork2\census.gdb\MyTools\CalculateField" Date="20110413" Time="113338">CalculateField Census2010.shp workplan 2 VB # Census2010.shp</Process><Process Name="Calculate Field" ToolSource="C:\censuswork2\census.gdb\MyTools\CalculateField" Date="20110413" Time="113436">CalculateField Census2010.shp workplan 3 VB # Census2010.shp</Process><Process Name="Calculate Field" ToolSource="C:\censuswork2\census.gdb\MyTools\CalculateField" Date="20110413" Time="113537">CalculateField Census2010.shp workplan 4 VB # Census2010.shp</Process><Process Name="Calculate Field" ToolSource="C:\censuswork2\census.gdb\MyTools\CalculateField" Date="20110413" Time="113744">CalculateField Census2010.shp workplan 4 VB # Census2010.shp</Process><Process ToolSource="C:\censuswork2\census.gdb\MyTools\Model122" Date="20110413" Time="113744">Model122 Census2010.shp</Process><Process Name="Calculate Field" ToolSource="C:\censuswork2\census.gdb\MyTools\CalculateField" Date="20110413" Time="113759">CalculateField Census2010.shp workplan 4 VB # Census2010.shp</Process><Process ToolSource="C:\censuswork2\census.gdb\MyTools\Model122" Date="20110413" Time="113759">Model122 Census2010.shp</Process><Process Name="Calculate Field" ToolSource="C:\censuswork2\census.gdb\MyTools\CalculateField" Date="20110413" Time="113819">CalculateField Census2010.shp workplan 4 VB # Census2010.shp</Process><Process ToolSource="C:\censuswork2\census.gdb\MyTools\Model122" Date="20110413" Time="113819">Model122 Census2010.shp</Process><Process Name="Calculate Field" ToolSource="C:\censuswork2\census.gdb\MyTools\CalculateField" Date="20110413" Time="113832">CalculateField Census2010.shp workplan 1 VB # Census2010.shp</Process><Process Name="Calculate Field" ToolSource="C:\censuswork2\census.gdb\MyTools\CalculateField" Date="20110413" Time="113930">CalculateField Census2010.shp workplan 1 VB # Census2010.shp</Process><Process ToolSource="C:\censuswork2\census.gdb\MyTools\Model" Date="20110413" Time="113930">Model Census2010.shp</Process><Process Name="Calculate Field" ToolSource="C:\censuswork2\census.gdb\MyTools\CalculateField" Date="20110427" Time="092329">CalculateField Census2010.shp workplan 1 VB # Census2010.shp</Process><Process ToolSource="C:\censuswork2\census.gdb\MyTools\Model" Date="20110427" Time="092329">Model Census2010.shp</Process><Process Name="Calculate Field" ToolSource="C:\censuswork2\census.gdb\MyTools\CalculateField" Date="20110427" Time="095323">CalculateField Census2010.shp workplan 1 VB # Census2010.shp</Process><Process ToolSource="C:\censuswork2\census.gdb\MyTools\Model" Date="20110427" Time="095323">Model Census2010.shp</Process><Process Name="Calculate Field" ToolSource="C:\censuswork2\census.gdb\MyTools\CalculateField" Date="20110427" Time="095345">CalculateField Census2010.shp workplan 1 VB # Census2010.shp</Process><Process ToolSource="C:\censuswork2\census.gdb\MyTools\Model" Date="20110427" Time="095345">Model Census2010.shp</Process><Process Name="Calculate Field" ToolSource="C:\censuswork2\census.gdb\MyTools\CalculateField" Date="20110427" Time="095416">CalculateField Census2010.shp workplan 2 VB # Census2010.shp</Process><Process ToolSource="C:\censuswork2\census.gdb\MyTools\Model1" Date="20110427" Time="095416">Model1 Census2010.shp</Process><Process Name="Calculate Field" ToolSource="C:\censuswork2\census.gdb\MyTools\CalculateField" Date="20110427" Time="095519">CalculateField Census2010.shp workplan 2 VB # Census2010.shp</Process><Process ToolSource="C:\censuswork2\census.gdb\MyTools\Model1" Date="20110427" Time="095519">Model1 Census2010.shp</Process><Process Name="Calculate Field" ToolSource="C:\censuswork2\census.gdb\MyTools\CalculateField" Date="20110427" Time="095603">CalculateField Census2010.shp workplan 2 VB # Census2010.shp</Process><Process ToolSource="C:\censuswork2\census.gdb\MyTools\Model1" Date="20110427" Time="095603">Model1 Census2010.shp</Process><Process Name="Calculate Field" ToolSource="C:\censuswork2\census.gdb\MyTools\CalculateField" Date="20110427" Time="095720">CalculateField Census2010.shp workplan 2 VB # Census2010.shp</Process><Process ToolSource="C:\censuswork2\census.gdb\MyTools\Model1" Date="20110427" Time="095720">Model1 Census2010.shp</Process><Process Name="Calculate Field" ToolSource="C:\censuswork2\census.gdb\MyTools\CalculateField" Date="20110427" Time="095959">CalculateField Census2010.shp workplan 2 VB # Census2010.shp</Process><Process ToolSource="C:\censuswork2\census.gdb\MyTools\Model1" Date="20110427" Time="095959">Model1 Census2010.shp</Process><Process Name="Calculate Field" ToolSource="C:\censuswork2\census.gdb\MyTools\CalculateField" Date="20110427" Time="100229">CalculateField Census2010.shp workplan 2 VB # Census2010.shp</Process><Process ToolSource="C:\censuswork2\census.gdb\MyTools\Model1" Date="20110427" Time="100229">Model1 Census2010.shp</Process><Process Name="Calculate Field" ToolSource="C:\censuswork2\census.gdb\MyTools\CalculateField" Date="20110427" Time="100235">CalculateField Census2010.shp workplan 2 VB # Census2010.shp</Process><Process ToolSource="C:\censuswork2\census.gdb\MyTools\Model1" Date="20110427" Time="100235">Model1 Census2010.shp</Process><Process Name="Calculate Field" ToolSource="C:\censuswork2\census.gdb\MyTools\CalculateField" Date="20110427" Time="100300">CalculateField Census2010.shp workplan 3 VB # Census2010.shp</Process><Process ToolSource="C:\censuswork2\census.gdb\MyTools\Model12" Date="20110427" Time="100300">Model12 Census2010.shp</Process><Process Name="Calculate Field" ToolSource="C:\censuswork2\census.gdb\MyTools\CalculateField" Date="20110427" Time="100343">CalculateField Census2010.shp workplan 2 VB # Census2010.shp</Process><Process ToolSource="C:\censuswork2\census.gdb\MyTools\Model1" Date="20110427" Time="100343">Model1 Census2010.shp</Process><Process Name="Calculate Field" ToolSource="C:\censuswork2\census.gdb\MyTools\CalculateField" Date="20110427" Time="100350">CalculateField Census2010.shp workplan 2 VB # Census2010.shp</Process><Process ToolSource="C:\censuswork2\census.gdb\MyTools\Model1" Date="20110427" Time="100350">Model1 Census2010.shp</Process><Process Name="Calculate Field" ToolSource="C:\censuswork2\census.gdb\MyTools\CalculateField" Date="20110427" Time="100424">CalculateField Census2010.shp workplan 3 VB # Census2010.shp</Process><Process ToolSource="C:\censuswork2\census.gdb\MyTools\Model12" Date="20110427" Time="100424">Model12 Census2010.shp</Process><Process Name="Calculate Field" ToolSource="C:\censuswork2\census.gdb\MyTools\CalculateField" Date="20110427" Time="100433">CalculateField Census2010.shp workplan 3 VB # Census2010.shp</Process><Process ToolSource="C:\censuswork2\census.gdb\MyTools\Model12" Date="20110427" Time="100433">Model12 Census2010.shp</Process><Process Name="Calculate Field" ToolSource="C:\censuswork2\census.gdb\MyTools\CalculateField" Date="20110427" Time="100504">CalculateField Census2010.shp workplan 4 VB # Census2010.shp</Process><Process ToolSource="C:\censuswork2\census.gdb\MyTools\Model122" Date="20110427" Time="100504">Model122 Census2010.shp</Process><Process Name="Calculate Field" ToolSource="C:\censuswork2\census.gdb\MyTools\CalculateField" Date="20110427" Time="100525">CalculateField Census2010.shp workplan 1 VB # Census2010.shp</Process><Process ToolSource="C:\censuswork2\census.gdb\MyTools\Model" Date="20110427" Time="100525">Model Census2010.shp</Process><Process Name="Calculate Field" ToolSource="C:\censuswork2\census.gdb\MyTools\CalculateField" Date="20110427" Time="100551">CalculateField Census2010.shp workplan 3 VB # Census2010.shp</Process><Process ToolSource="C:\censuswork2\census.gdb\MyTools\Model12" Date="20110427" Time="100551">Model12 Census2010.shp</Process><Process Name="Calculate Field" ToolSource="C:\censuswork2\census.gdb\MyTools\CalculateField" Date="20110427" Time="100605">CalculateField Census2010.shp workplan 3 VB # Census2010.shp</Process><Process ToolSource="C:\censuswork2\census.gdb\MyTools\Model12" Date="20110427" Time="100605">Model12 Census2010.shp</Process><Process Name="Calculate Field" ToolSource="C:\censuswork2\census.gdb\MyTools\CalculateField" Date="20110427" Time="100617">CalculateField Census2010.shp workplan 3 VB # Census2010.shp</Process><Process ToolSource="C:\censuswork2\census.gdb\MyTools\Model12" Date="20110427" Time="100617">Model12 Census2010.shp</Process><Process Name="Calculate Field" ToolSource="C:\censuswork2\census.gdb\MyTools\CalculateField" Date="20110427" Time="100702">CalculateField Census2010.shp workplan 1 VB # Census2010.shp</Process><Process ToolSource="C:\censuswork2\census.gdb\MyTools\Model" Date="20110427" Time="100702">Model Census2010.shp</Process><Process Name="Calculate Field" ToolSource="C:\censuswork2\census.gdb\MyTools\CalculateField" Date="20110427" Time="100711">CalculateField Census2010.shp workplan 1 VB # Census2010.shp</Process><Process ToolSource="C:\censuswork2\census.gdb\MyTools\Model" Date="20110427" Time="100711">Model Census2010.shp</Process><Process Name="Calculate Field" ToolSource="C:\censuswork2\census.gdb\MyTools\CalculateField" Date="20110427" Time="100732">CalculateField Census2010.shp workplan 1 VB # Census2010.shp</Process><Process ToolSource="C:\censuswork2\census.gdb\MyTools\Model" Date="20110427" Time="100732">Model Census2010.shp</Process><Process Name="Calculate Field" ToolSource="C:\censuswork2\census.gdb\MyTools\CalculateField" Date="20110427" Time="100819">CalculateField Census2010.shp workplan 1 VB # Census2010.shp</Process><Process ToolSource="C:\censuswork2\census.gdb\MyTools\Model" Date="20110427" Time="100819">Model Census2010.shp</Process><Process Name="Calculate Field" ToolSource="C:\censuswork2\census.gdb\MyTools\CalculateField" Date="20110427" Time="100944">CalculateField Census2010.shp workplan 3 VB # Census2010.shp</Process><Process ToolSource="C:\censuswork2\census.gdb\MyTools\Model12" Date="20110427" Time="100944">Model12 Census2010.shp</Process><Process Name="Calculate Field" ToolSource="C:\censuswork2\census.gdb\MyTools\CalculateField" Date="20110427" Time="100959">CalculateField Census2010.shp workplan 1 VB # Census2010.shp</Process><Process ToolSource="C:\censuswork2\census.gdb\MyTools\Model" Date="20110427" Time="100959">Model Census2010.shp</Process><Process Name="Calculate Field" ToolSource="C:\censuswork2\census.gdb\MyTools\CalculateField" Date="20110427" Time="101012">CalculateField Census2010.shp workplan 3 VB # Census2010.shp</Process><Process ToolSource="C:\censuswork2\census.gdb\MyTools\Model12" Date="20110427" Time="101012">Model12 Census2010.shp</Process><Process Name="Calculate Field" ToolSource="C:\censuswork2\census.gdb\MyTools\CalculateField" Date="20110427" Time="101055">CalculateField Census2010.shp workplan 3 VB # Census2010.shp</Process><Process ToolSource="C:\censuswork2\census.gdb\MyTools\Model12" Date="20110427" Time="101055">Model12 Census2010.shp</Process><Process Name="Calculate Field" ToolSource="C:\censuswork2\census.gdb\MyTools\CalculateField" Date="20110427" Time="101151">CalculateField Census2010.shp workplan 2 VB # Census2010.shp</Process><Process ToolSource="C:\censuswork2\census.gdb\MyTools\Model1" Date="20110427" Time="101151">Model1 Census2010.shp</Process><Process Name="Calculate Field" ToolSource="C:\censuswork2\census.gdb\MyTools\CalculateField" Date="20110427" Time="101209">CalculateField Census2010.shp workplan 2 VB # Census2010.shp</Process><Process ToolSource="C:\censuswork2\census.gdb\MyTools\Model1" Date="20110427" Time="101209">Model1 Census2010.shp</Process><Process Name="Calculate Field" ToolSource="C:\censuswork2\census.gdb\MyTools\CalculateField" Date="20110427" Time="101248">CalculateField Census2010.shp workplan 2 VB # Census2010.shp</Process><Process ToolSource="C:\censuswork2\census.gdb\MyTools\Model1" Date="20110427" Time="101248">Model1 Census2010.shp</Process><Process Name="Calculate Field" ToolSource="C:\censuswork2\census.gdb\MyTools\CalculateField" Date="20110427" Time="101253">CalculateField Census2010.shp workplan 2 VB # Census2010.shp</Process><Process ToolSource="C:\censuswork2\census.gdb\MyTools\Model1" Date="20110427" Time="101253">Model1 Census2010.shp</Process><Process Name="Calculate Field" ToolSource="C:\censuswork2\census.gdb\MyTools\CalculateField" Date="20110427" Time="101313">CalculateField Census2010.shp workplan 4 VB # Census2010.shp</Process><Process ToolSource="C:\censuswork2\census.gdb\MyTools\Model122" Date="20110427" Time="101313">Model122 Census2010.shp</Process><Process Name="Calculate Field" ToolSource="C:\censuswork2\census.gdb\MyTools\CalculateField" Date="20110427" Time="101727">CalculateField Census2010.shp workplan 4 VB # Census2010.shp</Process><Process ToolSource="C:\censuswork2\census.gdb\MyTools\Model122" Date="20110427" Time="101727">Model122 Census2010.shp</Process><Process Name="Calculate Field" ToolSource="C:\censuswork2\census.gdb\MyTools\CalculateField" Date="20110427" Time="101800">CalculateField Census2010.shp workplan 4 VB # Census2010.shp</Process><Process ToolSource="C:\censuswork2\census.gdb\MyTools\Model122" Date="20110427" Time="101800">Model122 Census2010.shp</Process><Process Name="Calculate Field" ToolSource="C:\censuswork2\census.gdb\MyTools\CalculateField" Date="20110427" Time="102011">CalculateField Census2010.shp workplan 2 VB # Census2010.shp</Process><Process ToolSource="C:\censuswork2\census.gdb\MyTools\Model1" Date="20110427" Time="102011">Model1 Census2010.shp</Process><Process Name="Calculate Field" ToolSource="C:\censuswork2\census.gdb\MyTools\CalculateField" Date="20110427" Time="102026">CalculateField Census2010.shp workplan 3 VB # Census2010.shp</Process><Process ToolSource="C:\censuswork2\census.gdb\MyTools\Model12" Date="20110427" Time="102026">Model12 Census2010.shp</Process><Process Name="Calculate Field" ToolSource="C:\censuswork2\census.gdb\MyTools\CalculateField" Date="20110427" Time="102035">CalculateField Census2010.shp workplan 2 VB # Census2010.shp</Process><Process ToolSource="C:\censuswork2\census.gdb\MyTools\Model1" Date="20110427" Time="102035">Model1 Census2010.shp</Process><Process Name="Calculate Field" ToolSource="C:\censuswork2\census.gdb\MyTools\CalculateField" Date="20110502" Time="080657">CalculateField Census2010.shp workplan 2 VB # Census2010.shp</Process><Process ToolSource="C:\censuswork2\census.gdb\MyTools\Model1" Date="20110502" Time="080657">Model1 Census2010.shp</Process><Process Name="Calculate Field" ToolSource="C:\censuswork2\census.gdb\MyTools\CalculateField" Date="20110502" Time="080756">CalculateField Census2010.shp workplan 1 VB # Census2010.shp</Process><Process ToolSource="C:\censuswork2\census.gdb\MyTools\Model" Date="20110502" Time="080756">Model Census2010.shp</Process><Process Name="Calculate Field" ToolSource="C:\censuswork2\census.gdb\MyTools\CalculateField" Date="20110502" Time="080815">CalculateField Census2010.shp workplan 1 VB # Census2010.shp</Process><Process ToolSource="C:\censuswork2\census.gdb\MyTools\Model" Date="20110502" Time="080815">Model Census2010.shp</Process><Process Name="Calculate Field" ToolSource="C:\censuswork2\census.gdb\MyTools\CalculateField" Date="20110502" Time="080909">CalculateField Census2010.shp workplan 3 VB # Census2010.shp</Process><Process ToolSource="C:\censuswork2\census.gdb\MyTools\Model12" Date="20110502" Time="080910">Model12 Census2010.shp</Process><Process Name="Calculate Field" ToolSource="C:\censuswork2\census.gdb\MyTools\CalculateField" Date="20110502" Time="080933">CalculateField Census2010.shp workplan 3 VB # Census2010.shp</Process><Process ToolSource="C:\censuswork2\census.gdb\MyTools\Model12" Date="20110502" Time="080933">Model12 Census2010.shp</Process><Process Name="Calculate Field" ToolSource="C:\censuswork2\census.gdb\MyTools\CalculateField" Date="20110502" Time="081008">CalculateField Census2010.shp workplan 1 VB # Census2010.shp</Process><Process ToolSource="C:\censuswork2\census.gdb\MyTools\Model" Date="20110502" Time="081008">Model Census2010.shp</Process><Process Name="Calculate Field" ToolSource="C:\censuswork2\census.gdb\MyTools\CalculateField" Date="20110502" Time="081039">CalculateField Census2010.shp workplan 1 VB # Census2010.shp</Process><Process ToolSource="C:\censuswork2\census.gdb\MyTools\Model" Date="20110502" Time="081039">Model Census2010.shp</Process><Process Name="Calculate Field" ToolSource="C:\censuswork2\census.gdb\MyTools\CalculateField" Date="20110502" Time="081115">CalculateField Census2010.shp workplan 3 VB # Census2010.shp</Process><Process ToolSource="C:\censuswork2\census.gdb\MyTools\Model12" Date="20110502" Time="081115">Model12 Census2010.shp</Process><Process Name="Calculate Field" ToolSource="C:\censuswork2\census.gdb\MyTools\CalculateField" Date="20110502" Time="081149">CalculateField Census2010.shp workplan 3 VB # Census2010.shp</Process><Process ToolSource="C:\censuswork2\census.gdb\MyTools\Model12" Date="20110502" Time="081149">Model12 Census2010.shp</Process><Process Name="Calculate Field" ToolSource="C:\censuswork2\census.gdb\MyTools\CalculateField" Date="20110504" Time="150052">CalculateField C:\censuswork3\analysis2\census2010.shp workplan 3 VB # C:\censuswork3\analysis2\census2010.shp</Process><Process ToolSource="C:\censuswork2\census.gdb\MyTools\Model12" Date="20110504" Time="150052">Model12 C:\censuswork3\analysis2\census2010.shp</Process><Process Name="Calculate Field" ToolSource="C:\censuswork2\census.gdb\MyTools\CalculateField" Date="20110504" Time="150602">CalculateField census2010 workplan 3 VB # census2010</Process><Process ToolSource="C:\censuswork2\census.gdb\MyTools\Model12" Date="20110504" Time="150602">Model12 census2010</Process><Process Name="Calculate Field" ToolSource="C:\censuswork2\census.gdb\MyTools\CalculateField" Date="20110504" Time="150726">CalculateField census2010 workplan 3 VB # census2010</Process><Process ToolSource="C:\censuswork2\census.gdb\MyTools\Model12" Date="20110504" Time="150726">Model12 census2010</Process><Process Name="Calculate Field" ToolSource="C:\censuswork2\census.gdb\MyTools\CalculateField" Date="20110504" Time="150821">CalculateField census2010 workplan 2 VB # census2010</Process><Process ToolSource="C:\censuswork2\census.gdb\MyTools\Model1" Date="20110504" Time="150821">Model1 census2010</Process><Process Name="Calculate Field" ToolSource="C:\censuswork2\census.gdb\MyTools\CalculateField" Date="20110504" Time="150928">CalculateField census2010 workplan 3 VB # census2010</Process><Process ToolSource="C:\censuswork2\census.gdb\MyTools\Model12" Date="20110504" Time="150928">Model12 census2010</Process><Process Name="Calculate Field" ToolSource="C:\censuswork2\census.gdb\MyTools\CalculateField" Date="20110504" Time="150943">CalculateField census2010 workplan 3 VB # census2010</Process><Process ToolSource="C:\censuswork2\census.gdb\MyTools\Model12" Date="20110504" Time="150943">Model12 census2010</Process><Process Name="Calculate Field" ToolSource="C:\censuswork2\census.gdb\MyTools\CalculateField" Date="20110504" Time="151032">CalculateField census2010 workplan 3 VB # census2010</Process><Process ToolSource="C:\censuswork2\census.gdb\MyTools\Model12" Date="20110504" Time="151032">Model12 census2010</Process><Process Name="Calculate Field" ToolSource="C:\censuswork2\census.gdb\MyTools\CalculateField" Date="20110504" Time="151121">CalculateField census2010 workplan 3 VB # census2010</Process><Process ToolSource="C:\censuswork2\census.gdb\MyTools\Model12" Date="20110504" Time="151121">Model12 census2010</Process><Process Name="Calculate Field" ToolSource="C:\censuswork2\census.gdb\MyTools\CalculateField" Date="20110504" Time="151148">CalculateField census2010 workplan 3 VB # census2010</Process><Process ToolSource="C:\censuswork2\census.gdb\MyTools\Model12" Date="20110504" Time="151148">Model12 census2010</Process><Process Name="Calculate Field" ToolSource="C:\censuswork2\census.gdb\MyTools\CalculateField" Date="20110504" Time="151222">CalculateField census2010 workplan 3 VB # census2010</Process><Process ToolSource="C:\censuswork2\census.gdb\MyTools\Model12" Date="20110504" Time="151222">Model12 census2010</Process><Process Name="Calculate Field" ToolSource="C:\censuswork2\census.gdb\MyTools\CalculateField" Date="20110504" Time="151234">CalculateField census2010 workplan 3 VB # census2010</Process><Process ToolSource="C:\censuswork2\census.gdb\MyTools\Model12" Date="20110504" Time="151234">Model12 census2010</Process><Process Name="Calculate Field" ToolSource="C:\censuswork2\census.gdb\MyTools\CalculateField" Date="20110504" Time="151301">CalculateField census2010 workplan 3 VB # census2010</Process><Process ToolSource="C:\censuswork2\census.gdb\MyTools\Model12" Date="20110504" Time="151301">Model12 census2010</Process><Process Name="Calculate Field" ToolSource="C:\censuswork2\census.gdb\MyTools\CalculateField" Date="20110504" Time="151649">CalculateField census2010 workplan 3 VB # census2010</Process><Process ToolSource="C:\censuswork2\census.gdb\MyTools\Model12" Date="20110504" Time="151649">Model12 census2010</Process><Process Name="Calculate Field" ToolSource="C:\censuswork2\census.gdb\MyTools\CalculateField" Date="20110504" Time="151656">CalculateField census2010 workplan 3 VB # census2010</Process><Process ToolSource="C:\censuswork2\census.gdb\MyTools\Model12" Date="20110504" Time="151656">Model12 census2010</Process><Process Name="Calculate Field" ToolSource="C:\censuswork2\census.gdb\MyTools\CalculateField" Date="20110504" Time="151851">CalculateField census2010 workplan 3 VB # census2010</Process><Process ToolSource="C:\censuswork2\census.gdb\MyTools\Model12" Date="20110504" Time="151851">Model12 census2010</Process><Process Name="Calculate Field" ToolSource="C:\censuswork2\census.gdb\MyTools\CalculateField" Date="20110504" Time="151901">CalculateField census2010 workplan 3 VB # census2010</Process><Process ToolSource="C:\censuswork2\census.gdb\MyTools\Model12" Date="20110504" Time="151901">Model12 census2010</Process><Process Name="Calculate Field" ToolSource="C:\censuswork2\census.gdb\MyTools\CalculateField" Date="20110504" Time="151911">CalculateField census2010 workplan 3 VB # census2010</Process><Process ToolSource="C:\censuswork2\census.gdb\MyTools\Model12" Date="20110504" Time="151911">Model12 census2010</Process><Process Name="Calculate Field" ToolSource="C:\censuswork2\census.gdb\MyTools\CalculateField" Date="20110504" Time="151920">CalculateField census2010 workplan 3 VB # census2010</Process><Process ToolSource="C:\censuswork2\census.gdb\MyTools\Model12" Date="20110504" Time="151920">Model12 census2010</Process><Process Name="Calculate Field" ToolSource="C:\censuswork2\census.gdb\MyTools\CalculateField" Date="20110504" Time="152043">CalculateField census2010 workplan 3 VB # census2010</Process><Process ToolSource="C:\censuswork2\census.gdb\MyTools\Model12" Date="20110504" Time="152043">Model12 census2010</Process><Process Name="Calculate Field" ToolSource="C:\censuswork2\census.gdb\MyTools\CalculateField" Date="20110504" Time="152049">CalculateField census2010 workplan 3 VB # census2010</Process><Process ToolSource="C:\censuswork2\census.gdb\MyTools\Model12" Date="20110504" Time="152049">Model12 census2010</Process><Process Name="Calculate Field" ToolSource="C:\censuswork2\census.gdb\MyTools\CalculateField" Date="20110504" Time="152100">CalculateField census2010 workplan 3 VB # census2010</Process><Process ToolSource="C:\censuswork2\census.gdb\MyTools\Model12" Date="20110504" Time="152100">Model12 census2010</Process><Process Name="Calculate Field" ToolSource="C:\censuswork2\census.gdb\MyTools\CalculateField" Date="20110504" Time="152215">CalculateField census2010 workplan 3 VB # census2010</Process><Process ToolSource="C:\censuswork2\census.gdb\MyTools\Model12" Date="20110504" Time="152215">Model12 census2010</Process><Process Name="Calculate Field" ToolSource="C:\censuswork2\census.gdb\MyTools\CalculateField" Date="20110504" Time="152220">CalculateField census2010 workplan 3 VB # census2010</Process><Process ToolSource="C:\censuswork2\census.gdb\MyTools\Model12" Date="20110504" Time="152220">Model12 census2010</Process><Process Name="Calculate Field" ToolSource="C:\censuswork2\census.gdb\MyTools\CalculateField" Date="20110504" Time="152255">CalculateField census2010 workplan 3 VB # census2010</Process><Process ToolSource="C:\censuswork2\census.gdb\MyTools\Model12" Date="20110504" Time="152255">Model12 census2010</Process><Process Name="Calculate Field" ToolSource="C:\censuswork2\census.gdb\MyTools\CalculateField" Date="20110504" Time="152319">CalculateField census2010 workplan 3 VB # census2010</Process><Process ToolSource="C:\censuswork2\census.gdb\MyTools\Model12" Date="20110504" Time="152319">Model12 census2010</Process><Process Name="Calculate Field" ToolSource="C:\censuswork2\census.gdb\MyTools\CalculateField" Date="20110505" Time="080317">CalculateField census2010 workplan 3 VB # census2010</Process><Process ToolSource="C:\censuswork2\census.gdb\MyTools\Model12" Date="20110505" Time="080317">Model12 census2010</Process><Process Name="Calculate Field" ToolSource="C:\censuswork2\census.gdb\MyTools\CalculateField" Date="20110505" Time="080808">CalculateField census2010 workplan 3 VB # census2010</Process><Process ToolSource="C:\censuswork2\census.gdb\MyTools\Model12" Date="20110505" Time="080808">Model12 census2010</Process><Process Name="Calculate Field" ToolSource="C:\censuswork2\census.gdb\MyTools\CalculateField" Date="20110505" Time="080822">CalculateField census2010 workplan 3 VB # census2010</Process><Process ToolSource="C:\censuswork2\census.gdb\MyTools\Model12" Date="20110505" Time="080822">Model12 census2010</Process><Process Name="Calculate Field" ToolSource="C:\censuswork2\census.gdb\MyTools\CalculateField" Date="20110505" Time="080856">CalculateField census2010 workplan 3 VB # census2010</Process><Process ToolSource="C:\censuswork2\census.gdb\MyTools\Model12" Date="20110505" Time="080856">Model12 census2010</Process><Process Name="Calculate Field" ToolSource="C:\censuswork2\census.gdb\MyTools\CalculateField" Date="20110505" Time="081020">CalculateField census2010 workplan 3 VB # census2010</Process><Process ToolSource="C:\censuswork2\census.gdb\MyTools\Model12" Date="20110505" Time="081020">Model12 census2010</Process><Process Name="Calculate Field" ToolSource="C:\censuswork2\census.gdb\MyTools\CalculateField" Date="20110505" Time="081053">CalculateField census2010 workplan 3 VB # census2010</Process><Process ToolSource="C:\censuswork2\census.gdb\MyTools\Model12" Date="20110505" Time="081053">Model12 census2010</Process><Process Name="Calculate Field" ToolSource="C:\censuswork2\census.gdb\MyTools\CalculateField" Date="20110505" Time="081123">CalculateField census2010 workplan 3 VB # census2010</Process><Process ToolSource="C:\censuswork2\census.gdb\MyTools\Model12" Date="20110505" Time="081123">Model12 census2010</Process><Process Name="Calculate Field" ToolSource="C:\censuswork2\census.gdb\MyTools\CalculateField" Date="20110505" Time="081139">CalculateField census2010 workplan 3 VB # census2010</Process><Process ToolSource="C:\censuswork2\census.gdb\MyTools\Model12" Date="20110505" Time="081139">Model12 census2010</Process><Process Name="Calculate Field" ToolSource="C:\censuswork2\census.gdb\MyTools\CalculateField" Date="20110505" Time="081226">CalculateField census2010 workplan 2 VB # census2010</Process><Process ToolSource="C:\censuswork2\census.gdb\MyTools\Model1" Date="20110505" Time="081226">Model1 census2010</Process><Process Name="Calculate Field" ToolSource="C:\censuswork2\census.gdb\MyTools\CalculateField" Date="20110505" Time="081356">CalculateField census2010 workplan 2 VB # census2010</Process><Process ToolSource="C:\censuswork2\census.gdb\MyTools\Model1" Date="20110505" Time="081356">Model1 census2010</Process><Process Name="Calculate Field" ToolSource="C:\censuswork2\census.gdb\MyTools\CalculateField" Date="20110505" Time="081452">CalculateField census2010 workplan 4 VB # census2010</Process><Process ToolSource="C:\censuswork2\census.gdb\MyTools\Model122" Date="20110505" Time="081452">Model122 census2010</Process><Process Name="Calculate Field" ToolSource="C:\censuswork2\census.gdb\MyTools\CalculateField" Date="20110505" Time="081605">CalculateField census2010 workplan 4 VB # census2010</Process><Process ToolSource="C:\censuswork2\census.gdb\MyTools\Model122" Date="20110505" Time="081605">Model122 census2010</Process><Process Name="Calculate Field" ToolSource="C:\censuswork2\census.gdb\MyTools\CalculateField" Date="20110505" Time="081653">CalculateField census2010 workplan 4 VB # census2010</Process><Process ToolSource="C:\censuswork2\census.gdb\MyTools\Model122" Date="20110505" Time="081653">Model122 census2010</Process><Process Name="Calculate Field" ToolSource="C:\censuswork2\census.gdb\MyTools\CalculateField" Date="20110505" Time="081715">CalculateField census2010 workplan 4 VB # census2010</Process><Process ToolSource="C:\censuswork2\census.gdb\MyTools\Model122" Date="20110505" Time="081715">Model122 census2010</Process><Process Name="Calculate Field" ToolSource="C:\censuswork2\census.gdb\MyTools\CalculateField" Date="20110505" Time="081836">CalculateField census2010 workplan 4 VB # census2010</Process><Process ToolSource="C:\censuswork2\census.gdb\MyTools\Model122" Date="20110505" Time="081836">Model122 census2010</Process><Process Name="Calculate Field" ToolSource="C:\censuswork2\census.gdb\MyTools\CalculateField" Date="20110505" Time="081855">CalculateField census2010 workplan 4 VB # census2010</Process><Process ToolSource="C:\censuswork2\census.gdb\MyTools\Model122" Date="20110505" Time="081855">Model122 census2010</Process><Process Name="Calculate Field" ToolSource="C:\censuswork2\census.gdb\MyTools\CalculateField" Date="20110505" Time="082507">CalculateField census2010 workplan 4 VB # census2010</Process><Process ToolSource="C:\censuswork2\census.gdb\MyTools\Model122" Date="20110505" Time="082507">Model122 census2010</Process><Process Name="Calculate Field" ToolSource="C:\censuswork2\census.gdb\MyTools\CalculateField" Date="20110505" Time="082619">CalculateField census2010 workplan 4 VB # census2010</Process><Process ToolSource="C:\censuswork2\census.gdb\MyTools\Model122" Date="20110505" Time="082619">Model122 census2010</Process><Process Name="Calculate Field" ToolSource="C:\censuswork2\census.gdb\MyTools\CalculateField" Date="20110505" Time="082630">CalculateField census2010 workplan 4 VB # census2010</Process><Process ToolSource="C:\censuswork2\census.gdb\MyTools\Model122" Date="20110505" Time="082630">Model122 census2010</Process><Process Name="Calculate Field" ToolSource="C:\censuswork2\census.gdb\MyTools\CalculateField" Date="20110505" Time="083218">CalculateField census2010 workplan 4 VB # census2010</Process><Process ToolSource="C:\censuswork2\census.gdb\MyTools\Model122" Date="20110505" Time="083218">Model122 census2010</Process><Process Name="Calculate Field" ToolSource="C:\censuswork2\census.gdb\MyTools\CalculateField" Date="20110505" Time="083308">CalculateField census2010 workplan 4 VB # census2010</Process><Process ToolSource="C:\censuswork2\census.gdb\MyTools\Model122" Date="20110505" Time="083308">Model122 census2010</Process><Process Name="Calculate Field" ToolSource="C:\censuswork2\census.gdb\MyTools\CalculateField" Date="20110505" Time="083323">CalculateField census2010 workplan 4 VB # census2010</Process><Process ToolSource="C:\censuswork2\census.gdb\MyTools\Model122" Date="20110505" Time="083323">Model122 census2010</Process><Process Name="Calculate Field" ToolSource="C:\censuswork2\census.gdb\MyTools\CalculateField" Date="20110505" Time="083409">CalculateField census2010 workplan 4 VB # census2010</Process><Process ToolSource="C:\censuswork2\census.gdb\MyTools\Model122" Date="20110505" Time="083409">Model122 census2010</Process><Process Name="Calculate Field" ToolSource="C:\censuswork2\census.gdb\MyTools\CalculateField" Date="20110505" Time="083425">CalculateField census2010 workplan 4 VB # census2010</Process><Process ToolSource="C:\censuswork2\census.gdb\MyTools\Model122" Date="20110505" Time="083425">Model122 census2010</Process><Process Name="Calculate Field" ToolSource="C:\censuswork2\census.gdb\MyTools\CalculateField" Date="20110505" Time="083455">CalculateField census2010 workplan 4 VB # census2010</Process><Process ToolSource="C:\censuswork2\census.gdb\MyTools\Model122" Date="20110505" Time="083455">Model122 census2010</Process><Process Name="Calculate Field" ToolSource="C:\censuswork2\census.gdb\MyTools\CalculateField" Date="20110505" Time="083711">CalculateField census2010 workplan 4 VB # census2010</Process><Process ToolSource="C:\censuswork2\census.gdb\MyTools\Model122" Date="20110505" Time="083711">Model122 census2010</Process><Process Name="Calculate Field" ToolSource="C:\censuswork2\census.gdb\MyTools\CalculateField" Date="20110505" Time="083831">CalculateField census2010 workplan 4 VB # census2010</Process><Process ToolSource="C:\censuswork2\census.gdb\MyTools\Model122" Date="20110505" Time="083831">Model122 census2010</Process><Process Name="Calculate Field" ToolSource="C:\censuswork2\census.gdb\MyTools\CalculateField" Date="20110505" Time="083844">CalculateField census2010 workplan 4 VB # census2010</Process><Process ToolSource="C:\censuswork2\census.gdb\MyTools\Model122" Date="20110505" Time="083844">Model122 census2010</Process><Process Name="Calculate Field" ToolSource="C:\censuswork2\census.gdb\MyTools\CalculateField" Date="20110505" Time="084031">CalculateField census2010 workplan 4 VB # census2010</Process><Process ToolSource="C:\censuswork2\census.gdb\MyTools\Model122" Date="20110505" Time="084031">Model122 census2010</Process><Process Name="Calculate Field" ToolSource="C:\censuswork2\census.gdb\MyTools\CalculateField" Date="20110505" Time="084044">CalculateField census2010 workplan 4 VB # census2010</Process><Process ToolSource="C:\censuswork2\census.gdb\MyTools\Model122" Date="20110505" Time="084044">Model122 census2010</Process><Process Name="Calculate Field" ToolSource="C:\censuswork2\census.gdb\MyTools\CalculateField" Date="20110505" Time="084227">CalculateField census2010 workplan 4 VB # census2010</Process><Process ToolSource="C:\censuswork2\census.gdb\MyTools\Model122" Date="20110505" Time="084227">Model122 census2010</Process><Process Name="Calculate Field" ToolSource="C:\censuswork2\census.gdb\MyTools\CalculateField" Date="20110505" Time="084307">CalculateField census2010 workplan 2 VB # census2010</Process><Process ToolSource="C:\censuswork2\census.gdb\MyTools\Model1" Date="20110505" Time="084307">Model1 census2010</Process><Process Name="Calculate Field" ToolSource="C:\censuswork2\census.gdb\MyTools\CalculateField" Date="20110505" Time="084438">CalculateField census2010 workplan 4 VB # census2010</Process><Process ToolSource="C:\censuswork2\census.gdb\MyTools\Model122" Date="20110505" Time="084438">Model122 census2010</Process><Process Name="Calculate Field" ToolSource="C:\censuswork2\census.gdb\MyTools\CalculateField" Date="20110505" Time="084453">CalculateField census2010 workplan 4 VB # census2010</Process><Process ToolSource="C:\censuswork2\census.gdb\MyTools\Model122" Date="20110505" Time="084453">Model122 census2010</Process><Process Name="Calculate Field" ToolSource="C:\censuswork2\census.gdb\MyTools\CalculateField" Date="20110505" Time="084503">CalculateField census2010 workplan 4 VB # census2010</Process><Process ToolSource="C:\censuswork2\census.gdb\MyTools\Model122" Date="20110505" Time="084503">Model122 census2010</Process><Process Name="Calculate Field" ToolSource="C:\censuswork2\census.gdb\MyTools\CalculateField" Date="20110505" Time="084519">CalculateField census2010 workplan 4 VB # census2010</Process><Process ToolSource="C:\censuswork2\census.gdb\MyTools\Model122" Date="20110505" Time="084519">Model122 census2010</Process><Process Name="Calculate Field" ToolSource="C:\censuswork2\census.gdb\MyTools\CalculateField" Date="20110505" Time="084607">CalculateField census2010 workplan 4 VB # census2010</Process><Process ToolSource="C:\censuswork2\census.gdb\MyTools\Model122" Date="20110505" Time="084607">Model122 census2010</Process><Process Name="Calculate Field" ToolSource="C:\censuswork2\census.gdb\MyTools\CalculateField" Date="20110505" Time="084615">CalculateField census2010 workplan 4 VB # census2010</Process><Process ToolSource="C:\censuswork2\census.gdb\MyTools\Model122" Date="20110505" Time="084615">Model122 census2010</Process><Process Name="Calculate Field" ToolSource="C:\censuswork2\census.gdb\MyTools\CalculateField" Date="20110505" Time="084625">CalculateField census2010 workplan 4 VB # census2010</Process><Process ToolSource="C:\censuswork2\census.gdb\MyTools\Model122" Date="20110505" Time="084625">Model122 census2010</Process><Process Name="Calculate Field" ToolSource="C:\censuswork2\census.gdb\MyTools\CalculateField" Date="20110505" Time="084903">CalculateField census2010 workplan 3 VB # census2010</Process><Process ToolSource="C:\censuswork2\census.gdb\MyTools\Model12" Date="20110505" Time="084903">Model12 census2010</Process><Process Name="Calculate Field" ToolSource="C:\censuswork2\census.gdb\MyTools\CalculateField" Date="20110505" Time="085028">CalculateField census2010 workplan 4 VB # census2010</Process><Process ToolSource="C:\censuswork2\census.gdb\MyTools\Model122" Date="20110505" Time="085028">Model122 census2010</Process><Process Name="Calculate Field" ToolSource="C:\censuswork2\census.gdb\MyTools\CalculateField" Date="20110505" Time="085214">CalculateField census2010 workplan 4 VB # census2010</Process><Process ToolSource="C:\censuswork2\census.gdb\MyTools\Model122" Date="20110505" Time="085214">Model122 census2010</Process><Process Name="Calculate Field" ToolSource="C:\censuswork2\census.gdb\MyTools\CalculateField" Date="20110505" Time="085227">CalculateField census2010 workplan 4 VB # census2010</Process><Process ToolSource="C:\censuswork2\census.gdb\MyTools\Model122" Date="20110505" Time="085227">Model122 census2010</Process><Process Name="Calculate Field" ToolSource="C:\censuswork2\census.gdb\MyTools\CalculateField" Date="20110505" Time="085304">CalculateField census2010 workplan 4 VB # census2010</Process><Process ToolSource="C:\censuswork2\census.gdb\MyTools\Model122" Date="20110505" Time="085304">Model122 census2010</Process><Process Name="Calculate Field" ToolSource="C:\censuswork2\census.gdb\MyTools\CalculateField" Date="20110505" Time="085808">CalculateField census2010 workplan 2 VB # census2010</Process><Process ToolSource="C:\censuswork2\census.gdb\MyTools\Model1" Date="20110505" Time="085808">Model1 census2010</Process><Process Name="Calculate Field" ToolSource="C:\censuswork2\census.gdb\MyTools\CalculateField" Date="20110505" Time="085959">CalculateField census2010 workplan 3 VB # census2010</Process><Process ToolSource="C:\censuswork2\census.gdb\MyTools\Model12" Date="20110505" Time="085959">Model12 census2010</Process><Process Name="Calculate Field" ToolSource="C:\censuswork2\census.gdb\MyTools\CalculateField" Date="20110505" Time="090009">CalculateField census2010 workplan 3 VB # census2010</Process><Process ToolSource="C:\censuswork2\census.gdb\MyTools\Model12" Date="20110505" Time="090009">Model12 census2010</Process><Process Name="Calculate Field" ToolSource="C:\censuswork2\census.gdb\MyTools\CalculateField" Date="20110505" Time="093142">CalculateField census2010 workplan 3 VB # census2010</Process><Process ToolSource="C:\censuswork2\census.gdb\MyTools\Model12" Date="20110505" Time="093142">Model12 census2010</Process><Process Name="Calculate Field" ToolSource="C:\censuswork2\census.gdb\MyTools\CalculateField" Date="20110505" Time="093505">CalculateField census2010 workplan 2 VB # census2010</Process><Process ToolSource="C:\censuswork2\census.gdb\MyTools\Model1" Date="20110505" Time="093505">Model1 census2010</Process><Process Name="Calculate Field" ToolSource="C:\censuswork2\census.gdb\MyTools\CalculateField" Date="20110505" Time="093556">CalculateField census2010 workplan 2 VB # census2010</Process><Process ToolSource="C:\censuswork2\census.gdb\MyTools\Model1" Date="20110505" Time="093556">Model1 census2010</Process><Process Name="Calculate Field" ToolSource="C:\censuswork2\census.gdb\MyTools\CalculateField" Date="20110505" Time="093627">CalculateField census2010 workplan 2 VB # census2010</Process><Process ToolSource="C:\censuswork2\census.gdb\MyTools\Model1" Date="20110505" Time="093627">Model1 census2010</Process><Process Name="Calculate Field" ToolSource="C:\censuswork2\census.gdb\MyTools\CalculateField" Date="20110505" Time="093805">CalculateField census2010 workplan 2 VB # census2010</Process><Process ToolSource="C:\censuswork2\census.gdb\MyTools\Model1" Date="20110505" Time="093805">Model1 census2010</Process><Process Name="Calculate Field" ToolSource="C:\censuswork2\census.gdb\MyTools\CalculateField" Date="20110505" Time="095225">CalculateField census2010 workplan 3 VB # census2010</Process><Process ToolSource="C:\censuswork2\census.gdb\MyTools\Model12" Date="20110505" Time="095225">Model12 census2010</Process><Process Name="Calculate Field" ToolSource="C:\censuswork2\census.gdb\MyTools\CalculateField" Date="20110505" Time="095254">CalculateField census2010 workplan 4 VB # census2010</Process><Process ToolSource="C:\censuswork2\census.gdb\MyTools\Model122" Date="20110505" Time="095254">Model122 census2010</Process><Process Name="Calculate Field" ToolSource="C:\censuswork2\census.gdb\MyTools\CalculateField" Date="20110505" Time="095303">CalculateField census2010 workplan 3 VB # census2010</Process><Process ToolSource="C:\censuswork2\census.gdb\MyTools\Model12" Date="20110505" Time="095303">Model12 census2010</Process><Process Name="Calculate Field" ToolSource="C:\censuswork2\census.gdb\MyTools\CalculateField" Date="20110505" Time="104227">CalculateField census2010 workplan 3 VB # census2010</Process><Process ToolSource="C:\censuswork2\census.gdb\MyTools\Model12" Date="20110505" Time="104227">Model12 census2010</Process><Process Name="Calculate Field" ToolSource="C:\censuswork2\census.gdb\MyTools\CalculateField" Date="20110505" Time="104538">CalculateField census2010 workplan 2 VB # census2010</Process><Process ToolSource="C:\censuswork2\census.gdb\MyTools\Model1" Date="20110505" Time="104538">Model1 census2010</Process><Process Name="Calculate Field" ToolSource="C:\censuswork2\census.gdb\MyTools\CalculateField" Date="20110505" Time="104549">CalculateField census2010 workplan 2 VB # census2010</Process><Process ToolSource="C:\censuswork2\census.gdb\MyTools\Model1" Date="20110505" Time="104549">Model1 census2010</Process><Process Name="Calculate Field" ToolSource="C:\censuswork2\census.gdb\MyTools\CalculateField" Date="20110505" Time="105215">CalculateField census2010 workplan 3 VB # census2010</Process><Process ToolSource="C:\censuswork2\census.gdb\MyTools\Model12" Date="20110505" Time="105215">Model12 census2010</Process><Process Name="Calculate Field" ToolSource="C:\censuswork2\census.gdb\MyTools\CalculateField" Date="20110505" Time="105437">CalculateField census2010 workplan 3 VB # census2010</Process><Process ToolSource="C:\censuswork2\census.gdb\MyTools\Model12" Date="20110505" Time="105437">Model12 census2010</Process><Process Name="Calculate Field" ToolSource="C:\censuswork2\census.gdb\MyTools\CalculateField" Date="20110505" Time="105529">CalculateField census2010 workplan 2 VB # census2010</Process><Process ToolSource="C:\censuswork2\census.gdb\MyTools\Model1" Date="20110505" Time="105529">Model1 census2010</Process><Process Name="Calculate Field" ToolSource="C:\censuswork2\census.gdb\MyTools\CalculateField" Date="20110505" Time="105834">CalculateField census2010 workplan 3 VB # census2010</Process><Process ToolSource="C:\censuswork2\census.gdb\MyTools\Model12" Date="20110505" Time="105834">Model12 census2010</Process><Process Name="Calculate Field" ToolSource="C:\censuswork2\census.gdb\MyTools\CalculateField" Date="20110505" Time="110053">CalculateField census2010 workplan 2 VB # census2010</Process><Process ToolSource="C:\censuswork2\census.gdb\MyTools\Model1" Date="20110505" Time="110053">Model1 census2010</Process><Process Name="Calculate Field" ToolSource="C:\censuswork2\census.gdb\MyTools\CalculateField" Date="20110505" Time="110104">CalculateField census2010 workplan 2 VB # census2010</Process><Process ToolSource="C:\censuswork2\census.gdb\MyTools\Model1" Date="20110505" Time="110104">Model1 census2010</Process><Process Name="Calculate Field" ToolSource="C:\censuswork2\census.gdb\MyTools\CalculateField" Date="20110505" Time="110152">CalculateField census2010 workplan 4 VB # census2010</Process><Process ToolSource="C:\censuswork2\census.gdb\MyTools\Model122" Date="20110505" Time="110152">Model122 census2010</Process><Process Name="Calculate Field" ToolSource="C:\censuswork2\census.gdb\MyTools\CalculateField" Date="20110505" Time="110300">CalculateField census2010 workplan 4 VB # census2010</Process><Process ToolSource="C:\censuswork2\census.gdb\MyTools\Model122" Date="20110505" Time="110300">Model122 census2010</Process><Process Name="Calculate Field" ToolSource="C:\censuswork2\census.gdb\MyTools\CalculateField" Date="20110505" Time="110319">CalculateField census2010 workplan 4 VB # census2010</Process><Process ToolSource="C:\censuswork2\census.gdb\MyTools\Model122" Date="20110505" Time="110319">Model122 census2010</Process><Process Name="Calculate Field" ToolSource="C:\censuswork2\census.gdb\MyTools\CalculateField" Date="20110505" Time="110453">CalculateField census2010 workplan 2 VB # census2010</Process><Process ToolSource="C:\censuswork2\census.gdb\MyTools\Model1" Date="20110505" Time="110453">Model1 census2010</Process><Process Name="Calculate Field" ToolSource="C:\censuswork2\census.gdb\MyTools\CalculateField" Date="20110505" Time="110617">CalculateField census2010 workplan 3 VB # census2010</Process><Process ToolSource="C:\censuswork2\census.gdb\MyTools\Model12" Date="20110505" Time="110617">Model12 census2010</Process><Process Name="Calculate Field" ToolSource="C:\censuswork2\census.gdb\MyTools\CalculateField" Date="20110505" Time="113420">CalculateField census2010 workplan 1 VB # census2010</Process><Process ToolSource="C:\censuswork2\census.gdb\MyTools\Model" Date="20110505" Time="113420">Model census2010</Process><Process Name="Calculate Field" ToolSource="C:\censuswork2\census.gdb\MyTools\CalculateField" Date="20110505" Time="113917">CalculateField census2010 workplan 1 VB # census2010</Process><Process ToolSource="C:\censuswork2\census.gdb\MyTools\Model" Date="20110505" Time="113917">Model census2010</Process><Process Name="Calculate Field" ToolSource="C:\censuswork2\census.gdb\MyTools\CalculateField" Date="20110505" Time="113924">CalculateField census2010 workplan 1 VB # census2010</Process><Process ToolSource="C:\censuswork2\census.gdb\MyTools\Model" Date="20110505" Time="113924">Model census2010</Process><Process Name="Calculate Field" ToolSource="C:\censuswork2\census.gdb\MyTools\CalculateField" Date="20110505" Time="115656">CalculateField census2010 workplan 1 VB # census2010</Process><Process ToolSource="C:\censuswork2\census.gdb\MyTools\Model" Date="20110505" Time="115656">Model census2010</Process><Process Name="Calculate Field" ToolSource="C:\censuswork2\census.gdb\MyTools\CalculateField" Date="20110505" Time="115706">CalculateField census2010 workplan 1 VB # census2010</Process><Process ToolSource="C:\censuswork2\census.gdb\MyTools\Model" Date="20110505" Time="115706">Model census2010</Process><Process Name="Calculate Field" ToolSource="C:\censuswork2\census.gdb\MyTools\CalculateField" Date="20110505" Time="134128">CalculateField census2010 workplan 4 VB # census2010</Process><Process ToolSource="C:\censuswork2\census.gdb\MyTools\Model122" Date="20110505" Time="134128">Model122 census2010</Process><Process Name="Calculate Field" ToolSource="C:\censuswork2\census.gdb\MyTools\CalculateField" Date="20110505" Time="134311">CalculateField census2010 workplan 3 VB # census2010</Process><Process ToolSource="C:\censuswork2\census.gdb\MyTools\Model12" Date="20110505" Time="134311">Model12 census2010</Process><Process Name="Calculate Field" ToolSource="C:\censuswork2\census.gdb\MyTools\CalculateField" Date="20110505" Time="134543">CalculateField census2010 workplan 3 VB # census2010</Process><Process ToolSource="C:\censuswork2\census.gdb\MyTools\Model12" Date="20110505" Time="134543">Model12 census2010</Process><Process Name="Calculate Field" ToolSource="C:\censuswork2\census.gdb\MyTools\CalculateField" Date="20110505" Time="134931">CalculateField census2010 workplan 3 VB # census2010</Process><Process ToolSource="C:\censuswork2\census.gdb\MyTools\Model12" Date="20110505" Time="134931">Model12 census2010</Process><Process Name="Calculate Field" ToolSource="C:\censuswork2\census.gdb\MyTools\CalculateField" Date="20110505" Time="135755">CalculateField census2010 workplan 1 VB # census2010</Process><Process ToolSource="C:\censuswork2\census.gdb\MyTools\Model" Date="20110505" Time="135755">Model census2010</Process><Process Name="Calculate Field" ToolSource="C:\censuswork2\census.gdb\MyTools\CalculateField" Date="20110505" Time="135823">CalculateField census2010 workplan 3 VB # census2010</Process><Process ToolSource="C:\censuswork2\census.gdb\MyTools\Model12" Date="20110505" Time="135823">Model12 census2010</Process><Process Name="Calculate Field" ToolSource="C:\censuswork2\census.gdb\MyTools\CalculateField" Date="20110505" Time="140031">CalculateField census2010 workplan 1 VB # census2010</Process><Process ToolSource="C:\censuswork2\census.gdb\MyTools\Model" Date="20110505" Time="140031">Model census2010</Process><Process Name="Calculate Field" ToolSource="C:\censuswork2\census.gdb\MyTools\CalculateField" Date="20110505" Time="152546">CalculateField census2010 workplan 1 VB # census2010</Process><Process ToolSource="C:\censuswork2\census.gdb\MyTools\Model" Date="20110505" Time="152546">Model census2010</Process><Process Name="Calculate Field" ToolSource="C:\censuswork2\census.gdb\MyTools\CalculateField" Date="20110505" Time="152643">CalculateField census2010 workplan 1 VB # census2010</Process><Process ToolSource="C:\censuswork2\census.gdb\MyTools\Model" Date="20110505" Time="152643">Model census2010</Process><Process Name="Calculate Field" ToolSource="C:\censuswork2\census.gdb\MyTools\CalculateField" Date="20110505" Time="152818">CalculateField census2010 workplan 1 VB # census2010</Process><Process ToolSource="C:\censuswork2\census.gdb\MyTools\Model" Date="20110505" Time="152818">Model census2010</Process><Process Name="Calculate Field" ToolSource="C:\censuswork2\census.gdb\MyTools\CalculateField" Date="20110505" Time="152957">CalculateField census2010 workplan 1 VB # census2010</Process><Process ToolSource="C:\censuswork2\census.gdb\MyTools\Model" Date="20110505" Time="152957">Model census2010</Process><Process Name="Calculate Field" ToolSource="C:\censuswork2\census.gdb\MyTools\CalculateField" Date="20110505" Time="153044">CalculateField census2010 workplan 1 VB # census2010</Process><Process ToolSource="C:\censuswork2\census.gdb\MyTools\Model" Date="20110505" Time="153044">Model census2010</Process><Process Name="Calculate Field" ToolSource="C:\censuswork2\census.gdb\MyTools\CalculateField" Date="20110505" Time="154247">CalculateField census2010 workplan 3 VB # census2010</Process><Process ToolSource="C:\censuswork2\census.gdb\MyTools\Model12" Date="20110505" Time="154247">Model12 census2010</Process><Process Name="Calculate Field" ToolSource="C:\censuswork2\census.gdb\MyTools\CalculateField" Date="20110505" Time="154648">CalculateField census2010 workplan 3 VB # census2010</Process><Process ToolSource="C:\censuswork2\census.gdb\MyTools\Model12" Date="20110505" Time="154648">Model12 census2010</Process><Process Name="Calculate Field" ToolSource="C:\censuswork2\census.gdb\MyTools\CalculateField" Date="20110505" Time="154655">CalculateField census2010 workplan 3 VB # census2010</Process><Process ToolSource="C:\censuswork2\census.gdb\MyTools\Model12" Date="20110505" Time="154655">Model12 census2010</Process><Process Name="Calculate Field" ToolSource="C:\censuswork2\census.gdb\MyTools\CalculateField" Date="20110505" Time="154804">CalculateField census2010 workplan 2 VB # census2010</Process><Process ToolSource="C:\censuswork2\census.gdb\MyTools\Model1" Date="20110505" Time="154804">Model1 census2010</Process><Process Name="Calculate Field" ToolSource="C:\censuswork2\census.gdb\MyTools\CalculateField" Date="20110505" Time="154810">CalculateField census2010 workplan 2 VB # census2010</Process><Process ToolSource="C:\censuswork2\census.gdb\MyTools\Model1" Date="20110505" Time="154810">Model1 census2010</Process><Process Name="Calculate Field" ToolSource="C:\censuswork2\census.gdb\MyTools\CalculateField" Date="20110506" Time="090945">CalculateField census2010 workplan 3 VB # census2010</Process><Process ToolSource="C:\censuswork2\census.gdb\MyTools\Model12" Date="20110506" Time="090945">Model12 census2010</Process><Process Name="Calculate Field" ToolSource="C:\censuswork2\census.gdb\MyTools\CalculateField" Date="20110506" Time="091252">CalculateField census2010 workplan 3 VB # census2010</Process><Process ToolSource="C:\censuswork2\census.gdb\MyTools\Model12" Date="20110506" Time="091252">Model12 census2010</Process><Process Name="Calculate Field" ToolSource="C:\censuswork2\census.gdb\MyTools\CalculateField" Date="20110506" Time="092118">CalculateField census2010 workplan 3 VB # census2010</Process><Process ToolSource="C:\censuswork2\census.gdb\MyTools\Model12" Date="20110506" Time="092118">Model12 census2010</Process><Process Name="Calculate Field" ToolSource="C:\censuswork2\census.gdb\MyTools\CalculateField" Date="20110506" Time="092311">CalculateField census2010 workplan 1 VB # census2010</Process><Process ToolSource="C:\censuswork2\census.gdb\MyTools\Model" Date="20110506" Time="092311">Model census2010</Process><Process Name="Calculate Field" ToolSource="C:\censuswork2\census.gdb\MyTools\CalculateField" Date="20110506" Time="092500">CalculateField census2010 workplan 1 VB # census2010</Process><Process ToolSource="C:\censuswork2\census.gdb\MyTools\Model" Date="20110506" Time="092500">Model census2010</Process><Process Name="Calculate Field" ToolSource="C:\censuswork2\census.gdb\MyTools\CalculateField" Date="20110506" Time="092627">CalculateField census2010 workplan 1 VB # census2010</Process><Process ToolSource="C:\censuswork2\census.gdb\MyTools\Model" Date="20110506" Time="092627">Model census2010</Process><Process Name="Calculate Field" ToolSource="C:\censuswork2\census.gdb\MyTools\CalculateField" Date="20110506" Time="093048">CalculateField census2010 workplan 1 VB # census2010</Process><Process ToolSource="C:\censuswork2\census.gdb\MyTools\Model" Date="20110506" Time="093048">Model census2010</Process><Process Name="Calculate Field" ToolSource="C:\censuswork2\census.gdb\MyTools\CalculateField" Date="20110506" Time="093546">CalculateField census2010 workplan 3 VB # census2010</Process><Process ToolSource="C:\censuswork2\census.gdb\MyTools\Model12" Date="20110506" Time="093546">Model12 census2010</Process><Process Name="Calculate Field" ToolSource="C:\censuswork2\census.gdb\MyTools\CalculateField" Date="20110506" Time="093717">CalculateField census2010 workplan 3 VB # census2010</Process><Process ToolSource="C:\censuswork2\census.gdb\MyTools\Model12" Date="20110506" Time="093717">Model12 census2010</Process><Process Name="Calculate Field" ToolSource="C:\censuswork2\census.gdb\MyTools\CalculateField" Date="20110506" Time="093811">CalculateField census2010 workplan 3 VB # census2010</Process><Process ToolSource="C:\censuswork2\census.gdb\MyTools\Model12" Date="20110506" Time="093811">Model12 census2010</Process><Process Name="Calculate Field" ToolSource="C:\censuswork2\census.gdb\MyTools\CalculateField" Date="20110506" Time="094306">CalculateField census2010 workplan 2 VB # census2010</Process><Process ToolSource="C:\censuswork2\census.gdb\MyTools\Model1" Date="20110506" Time="094306">Model1 census2010</Process><Process Name="Calculate Field" ToolSource="C:\censuswork2\census.gdb\MyTools\CalculateField" Date="20110506" Time="094649">CalculateField census2010 workplan 4 VB # census2010</Process><Process ToolSource="C:\censuswork2\census.gdb\MyTools\Model122" Date="20110506" Time="094649">Model122 census2010</Process><Process Name="Calculate Field" ToolSource="C:\censuswork2\census.gdb\MyTools\CalculateField" Date="20110506" Time="094729">CalculateField census2010 workplan 4 VB # census2010</Process><Process ToolSource="C:\censuswork2\census.gdb\MyTools\Model122" Date="20110506" Time="094729">Model122 census2010</Process><Process Name="Calculate Field" ToolSource="C:\censuswork2\census.gdb\MyTools\CalculateField" Date="20110506" Time="094747">CalculateField census2010 workplan 1 VB # census2010</Process><Process ToolSource="C:\censuswork2\census.gdb\MyTools\Model" Date="20110506" Time="094747">Model census2010</Process><Process Name="Calculate Field" ToolSource="C:\censuswork2\census.gdb\MyTools\CalculateField" Date="20110506" Time="095135">CalculateField census2010 workplan 2 VB # census2010</Process><Process ToolSource="C:\censuswork2\census.gdb\MyTools\Model1" Date="20110506" Time="095135">Model1 census2010</Process><Process Name="Calculate Field" ToolSource="C:\censuswork2\census.gdb\MyTools\CalculateField" Date="20110506" Time="095206">CalculateField census2010 workplan 2 VB # census2010</Process><Process ToolSource="C:\censuswork2\census.gdb\MyTools\Model1" Date="20110506" Time="095206">Model1 census2010</Process><Process Name="Calculate Field" ToolSource="C:\censuswork2\census.gdb\MyTools\CalculateField" Date="20110506" Time="095220">CalculateField census2010 workplan 2 VB # census2010</Process><Process ToolSource="C:\censuswork2\census.gdb\MyTools\Model1" Date="20110506" Time="095220">Model1 census2010</Process><Process Name="Calculate Field" ToolSource="C:\censuswork2\census.gdb\MyTools\CalculateField" Date="20110506" Time="095229">CalculateField census2010 workplan 2 VB # census2010</Process><Process ToolSource="C:\censuswork2\census.gdb\MyTools\Model1" Date="20110506" Time="095229">Model1 census2010</Process><Process Name="Calculate Field" ToolSource="C:\censuswork2\census.gdb\MyTools\CalculateField" Date="20110506" Time="095247">CalculateField census2010 workplan 2 VB # census2010</Process><Process ToolSource="C:\censuswork2\census.gdb\MyTools\Model1" Date="20110506" Time="095247">Model1 census2010</Process><Process Name="Calculate Field" ToolSource="C:\censuswork2\census.gdb\MyTools\CalculateField" Date="20110506" Time="095629">CalculateField census2010 workplan 2 VB # census2010</Process><Process ToolSource="C:\censuswork2\census.gdb\MyTools\Model1" Date="20110506" Time="095629">Model1 census2010</Process><Process Name="Calculate Field" ToolSource="C:\censuswork2\census.gdb\MyTools\CalculateField" Date="20110506" Time="100153">CalculateField census2010 workplan 4 VB # census2010</Process><Process ToolSource="C:\censuswork2\census.gdb\MyTools\Model122" Date="20110506" Time="100153">Model122 census2010</Process><Process Name="Calculate Field" ToolSource="C:\censuswork2\census.gdb\MyTools\CalculateField" Date="20110506" Time="100214">CalculateField census2010 workplan 4 VB # census2010</Process><Process ToolSource="C:\censuswork2\census.gdb\MyTools\Model122" Date="20110506" Time="100214">Model122 census2010</Process><Process Name="Calculate Field" ToolSource="C:\censuswork2\census.gdb\MyTools\CalculateField" Date="20110506" Time="100230">CalculateField census2010 workplan 4 VB # census2010</Process><Process ToolSource="C:\censuswork2\census.gdb\MyTools\Model122" Date="20110506" Time="100230">Model122 census2010</Process><Process Name="Calculate Field" ToolSource="C:\censuswork2\census.gdb\MyTools\CalculateField" Date="20110506" Time="100647">CalculateField census2010 workplan 1 VB # census2010</Process><Process ToolSource="C:\censuswork2\census.gdb\MyTools\Model" Date="20110506" Time="100647">Model census2010</Process><Process Name="Calculate Field" ToolSource="C:\censuswork2\census.gdb\MyTools\CalculateField" Date="20110506" Time="100654">CalculateField census2010 workplan 1 VB # census2010</Process><Process ToolSource="C:\censuswork2\census.gdb\MyTools\Model" Date="20110506" Time="100654">Model census2010</Process><Process Name="Calculate Field" ToolSource="C:\censuswork2\census.gdb\MyTools\CalculateField" Date="20110506" Time="100704">CalculateField census2010 workplan 1 VB # census2010</Process><Process ToolSource="C:\censuswork2\census.gdb\MyTools\Model" Date="20110506" Time="100704">Model census2010</Process><Process Name="Calculate Field" ToolSource="C:\censuswork2\census.gdb\MyTools\CalculateField" Date="20110506" Time="101050">CalculateField census2010 workplan 2 VB # census2010</Process><Process ToolSource="C:\censuswork2\census.gdb\MyTools\Model1" Date="20110506" Time="101050">Model1 census2010</Process><Process Name="Calculate Field" ToolSource="C:\censuswork2\census.gdb\MyTools\CalculateField" Date="20110506" Time="102001">CalculateField census2010 workplan 1 VB # census2010</Process><Process ToolSource="C:\censuswork2\census.gdb\MyTools\Model" Date="20110506" Time="102001">Model census2010</Process><Process Name="Calculate Field" ToolSource="C:\censuswork2\census.gdb\MyTools\CalculateField" Date="20110506" Time="102012">CalculateField census2010 workplan 1 VB # census2010</Process><Process ToolSource="C:\censuswork2\census.gdb\MyTools\Model" Date="20110506" Time="102012">Model census2010</Process><Process Name="Calculate Field" ToolSource="C:\censuswork2\census.gdb\MyTools\CalculateField" Date="20110506" Time="102514">CalculateField census2010 workplan 1 VB # census2010</Process><Process ToolSource="C:\censuswork2\census.gdb\MyTools\Model" Date="20110506" Time="102514">Model census2010</Process><Process Name="Calculate Field" ToolSource="C:\censuswork2\census.gdb\MyTools\CalculateField" Date="20110506" Time="102533">CalculateField census2010 workplan 1 VB # census2010</Process><Process ToolSource="C:\censuswork2\census.gdb\MyTools\Model" Date="20110506" Time="102533">Model census2010</Process><Process Name="Calculate Field" ToolSource="C:\censuswork2\census.gdb\MyTools\CalculateField" Date="20110506" Time="103247">CalculateField census2010 workplan 2 VB # census2010</Process><Process ToolSource="C:\censuswork2\census.gdb\MyTools\Model1" Date="20110506" Time="103247">Model1 census2010</Process><Process Name="Calculate Field" ToolSource="C:\censuswork2\census.gdb\MyTools\CalculateField" Date="20110506" Time="103315">CalculateField census2010 workplan 1 VB # census2010</Process><Process ToolSource="C:\censuswork2\census.gdb\MyTools\Model" Date="20110506" Time="103315">Model census2010</Process><Process Name="Calculate Field" ToolSource="C:\censuswork2\census.gdb\MyTools\CalculateField" Date="20110506" Time="103332">CalculateField census2010 workplan 1 VB # census2010</Process><Process ToolSource="C:\censuswork2\census.gdb\MyTools\Model" Date="20110506" Time="103332">Model census2010</Process><Process Name="Calculate Field" ToolSource="C:\censuswork2\census.gdb\MyTools\CalculateField" Date="20110506" Time="103427">CalculateField census2010 workplan 1 VB # census2010</Process><Process ToolSource="C:\censuswork2\census.gdb\MyTools\Model" Date="20110506" Time="103427">Model census2010</Process><Process Name="Calculate Field" ToolSource="C:\censuswork2\census.gdb\MyTools\CalculateField" Date="20110506" Time="103909">CalculateField census2010 workplan 3 VB # census2010</Process><Process ToolSource="C:\censuswork2\census.gdb\MyTools\Model12" Date="20110506" Time="103909">Model12 census2010</Process><Process Name="Calculate Field" ToolSource="C:\censuswork2\census.gdb\MyTools\CalculateField" Date="20110506" Time="103919">CalculateField census2010 workplan 3 VB # census2010</Process><Process ToolSource="C:\censuswork2\census.gdb\MyTools\Model12" Date="20110506" Time="103919">Model12 census2010</Process><Process Name="Calculate Field" ToolSource="C:\censuswork2\census.gdb\MyTools\CalculateField" Date="20110506" Time="104114">CalculateField census2010 workplan 2 VB # census2010</Process><Process ToolSource="C:\censuswork2\census.gdb\MyTools\Model1" Date="20110506" Time="104115">Model1 census2010</Process><Process Name="Calculate Field" ToolSource="C:\censuswork2\census.gdb\MyTools\CalculateField" Date="20110506" Time="104134">CalculateField census2010 workplan 2 VB # census2010</Process><Process ToolSource="C:\censuswork2\census.gdb\MyTools\Model1" Date="20110506" Time="104134">Model1 census2010</Process><Process Name="Calculate Field" ToolSource="C:\censuswork2\census.gdb\MyTools\CalculateField" Date="20110506" Time="104220">CalculateField census2010 workplan 3 VB # census2010</Process><Process ToolSource="C:\censuswork2\census.gdb\MyTools\Model12" Date="20110506" Time="104220">Model12 census2010</Process><Process Name="Calculate Field" ToolSource="C:\censuswork2\census.gdb\MyTools\CalculateField" Date="20110506" Time="104246">CalculateField census2010 workplan 2 VB # census2010</Process><Process ToolSource="C:\censuswork2\census.gdb\MyTools\Model1" Date="20110506" Time="104246">Model1 census2010</Process><Process Name="Calculate Field" ToolSource="C:\censuswork2\census.gdb\MyTools\CalculateField" Date="20110506" Time="104312">CalculateField census2010 workplan 2 VB # census2010</Process><Process ToolSource="C:\censuswork2\census.gdb\MyTools\Model1" Date="20110506" Time="104312">Model1 census2010</Process><Process Name="Calculate Field" ToolSource="C:\censuswork2\census.gdb\MyTools\CalculateField" Date="20110506" Time="104635">CalculateField census2010 workplan 2 VB # census2010</Process><Process ToolSource="C:\censuswork2\census.gdb\MyTools\Model1" Date="20110506" Time="104635">Model1 census2010</Process><Process Name="Calculate Field" ToolSource="C:\censuswork2\census.gdb\MyTools\CalculateField" Date="20110506" Time="104647">CalculateField census2010 workplan 2 VB # census2010</Process><Process ToolSource="C:\censuswork2\census.gdb\MyTools\Model1" Date="20110506" Time="104647">Model1 census2010</Process><Process Name="Calculate Field" ToolSource="C:\censuswork2\census.gdb\MyTools\CalculateField" Date="20110506" Time="104905">CalculateField census2010 workplan 4 VB # census2010</Process><Process ToolSource="C:\censuswork2\census.gdb\MyTools\Model122" Date="20110506" Time="104905">Model122 census2010</Process><Process Name="Calculate Field" ToolSource="C:\censuswork2\census.gdb\MyTools\CalculateField" Date="20110506" Time="104917">CalculateField census2010 workplan 4 VB # census2010</Process><Process ToolSource="C:\censuswork2\census.gdb\MyTools\Model122" Date="20110506" Time="104917">Model122 census2010</Process><Process Name="Calculate Field" ToolSource="C:\censuswork2\census.gdb\MyTools\CalculateField" Date="20110506" Time="105109">CalculateField census2010 workplan 4 VB # census2010</Process><Process ToolSource="C:\censuswork2\census.gdb\MyTools\Model122" Date="20110506" Time="105109">Model122 census2010</Process><Process Name="Calculate Field" ToolSource="C:\censuswork2\census.gdb\MyTools\CalculateField" Date="20110506" Time="105125">CalculateField census2010 workplan 4 VB # census2010</Process><Process ToolSource="C:\censuswork2\census.gdb\MyTools\Model122" Date="20110506" Time="105125">Model122 census2010</Process><Process Name="Calculate Field" ToolSource="C:\censuswork2\census.gdb\MyTools\CalculateField" Date="20110506" Time="105130">CalculateField census2010 workplan 4 VB # census2010</Process><Process ToolSource="C:\censuswork2\census.gdb\MyTools\Model122" Date="20110506" Time="105130">Model122 census2010</Process><Process Name="Calculate Field" ToolSource="C:\censuswork2\census.gdb\MyTools\CalculateField" Date="20110506" Time="105323">CalculateField census2010 workplan 4 VB # census2010</Process><Process ToolSource="C:\censuswork2\census.gdb\MyTools\Model122" Date="20110506" Time="105323">Model122 census2010</Process><Process Name="Calculate Field" ToolSource="C:\censuswork2\census.gdb\MyTools\CalculateField" Date="20110506" Time="105732">CalculateField census2010 workplan 2 VB # census2010</Process><Process ToolSource="C:\censuswork2\census.gdb\MyTools\Model1" Date="20110506" Time="105732">Model1 census2010</Process><Process Name="Calculate Field" ToolSource="C:\censuswork2\census.gdb\MyTools\CalculateField" Date="20110506" Time="112352">CalculateField census2010 workplan 3 VB # census2010</Process><Process ToolSource="C:\censuswork2\census.gdb\MyTools\Model12" Date="20110506" Time="112352">Model12 census2010</Process><Process Name="Calculate Field" ToolSource="C:\censuswork2\census.gdb\MyTools\CalculateField" Date="20110506" Time="112420">CalculateField census2010 workplan 3 VB # census2010</Process><Process ToolSource="C:\censuswork2\census.gdb\MyTools\Model12" Date="20110506" Time="112420">Model12 census2010</Process><Process Name="Calculate Field" ToolSource="C:\censuswork2\census.gdb\MyTools\CalculateField" Date="20110506" Time="112445">CalculateField census2010 workplan 3 VB # census2010</Process><Process ToolSource="C:\censuswork2\census.gdb\MyTools\Model12" Date="20110506" Time="112445">Model12 census2010</Process><Process Name="Calculate Field" ToolSource="C:\censuswork2\census.gdb\MyTools\CalculateField" Date="20110506" Time="112502">CalculateField census2010 workplan 3 VB # census2010</Process><Process ToolSource="C:\censuswork2\census.gdb\MyTools\Model12" Date="20110506" Time="112502">Model12 census2010</Process><Process Name="Calculate Field" ToolSource="C:\censuswork2\census.gdb\MyTools\CalculateField" Date="20110506" Time="113012">CalculateField census2010 workplan 3 VB # census2010</Process><Process ToolSource="C:\censuswork2\census.gdb\MyTools\Model12" Date="20110506" Time="113012">Model12 census2010</Process><Process Name="Calculate Field" ToolSource="C:\censuswork2\census.gdb\MyTools\CalculateField" Date="20110506" Time="113022">CalculateField census2010 workplan 3 VB # census2010</Process><Process ToolSource="C:\censuswork2\census.gdb\MyTools\Model12" Date="20110506" Time="113022">Model12 census2010</Process><Process Name="Calculate Field" ToolSource="C:\censuswork2\census.gdb\MyTools\CalculateField" Date="20110506" Time="113330">CalculateField census2010 workplan 3 VB # census2010</Process><Process ToolSource="C:\censuswork2\census.gdb\MyTools\Model12" Date="20110506" Time="113330">Model12 census2010</Process><Process Name="Calculate Field" ToolSource="C:\censuswork2\census.gdb\MyTools\CalculateField" Date="20110506" Time="113423">CalculateField census2010 workplan 2 VB # census2010</Process><Process ToolSource="C:\censuswork2\census.gdb\MyTools\Model1" Date="20110506" Time="113423">Model1 census2010</Process><Process ToolSource="c:\program files (x86)\arcgis\desktop10.3\ArcToolbox\Toolboxes\Data Management Tools.tbx\CalculateField" Date="20150818" Time="145309">CalculateField census2010 GEOID_INT [GEOID10] VB #</Process><Process ToolSource="c:\program files (x86)\arcgis\desktop10.3\ArcToolbox\Toolboxes\Data Management Tools.tbx\CalculateField" Date="20150818" Time="145643">CalculateField census2010 GEOID_INT !BLOCKCE10! PYTHON_9.3 #</Process><Process ToolSource="c:\program files (x86)\arcgis\desktop10.3\ArcToolbox\Toolboxes\Data Management Tools.tbx\CalculateField" Date="20150818" Time="150749">CalculateField census2010 geoid2 Right( [GEOID10],10  ) VB #</Process><Process ToolSource="c:\program files (x86)\arcgis\desktop10.3\ArcToolbox\Toolboxes\Data Management Tools.tbx\CalculateField" Date="20150818" Time="150810">CalculateField census2010 geoid2 Right( [GEOID10],10) VB #</Process><Process ToolSource="c:\program files (x86)\arcgis\desktop10.3\ArcToolbox\Toolboxes\Data Management Tools.tbx\CalculateField" Date="20150818" Time="151017">CalculateField census2010 geoid2 [GEOID10] VB #</Process><Process ToolSource="c:\program files (x86)\arcgis\desktop10.3\ArcToolbox\Toolboxes\Data Management Tools.tbx\CalculateField" Date="20150818" Time="151113">CalculateField census2010 geoid2 Right( [GEOID10],10  ) VB #</Process><Process ToolSource="c:\program files (x86)\arcgis\desktop10.3\ArcToolbox\Toolboxes\Data Management Tools.tbx\CalculateField" Date="20150818" Time="151145">CalculateField census2010 geoid2 Right( [GEOID10],10  ) VB #</Process><Process ToolSource="c:\program files (x86)\arcgis\desktop10.3\ArcToolbox\Toolboxes\Data Management Tools.tbx\CalculateField" Date="20160908" Time="124638">CalculateField "Base Group Layer\HC_census2010_Block" Match "y" VB #</Process></lineage><itemProps><itemLocation><linkage Sync="TRUE">file://\\ctyctr-fs04.hcbocc.ad\RE-GIS\GIS\Spatial_Data\CENSUS\Current\census2010.shp</linkage><protocol Sync="TRUE">Local Area Network</protocol></itemLocation><itemName Sync="TRUE">census2010</itemName><imsContentType Sync="TRUE">002</imsContentType><nativeExtBox><westBL Sync="TRUE">389336.397085</westBL><eastBL Sync="TRUE">638708.023745</eastBL><southBL Sync="TRUE">1177305.083067</southBL><northBL Sync="TRUE">1396274.980092</northBL><exTypeCode Sync="TRUE">1</exTypeCode></nativeExtBox><itemSize Sync="TRUE">11.229</itemSize></itemProps><copyHistory><copy source="W:\GIS\Spatial_Data\CENSUS\census2010" dest="\\ctyctr-fs04.hcbocc.ad\RE-GIS\GIS\Spatial_Data\CENSUS\Current\census2010" date="20140226" time="13554300"></copy></copyHistory></DataProperties><SyncDate>20150615</SyncDate><SyncTime>09402000</SyncTime><ModDate>20150615</ModDate><ModTime>09402000</ModTime></Esri><dataIdInfo><envirDesc Sync="TRUE">Microsoft Windows 7 Version 6.1 (Build 7601) Service Pack 1; Esri ArcGIS 10.3.0.4322</envirDesc><dataLang><languageCode value="eng" Sync="TRUE"></languageCode><countryCode value="USA" Sync="TRUE"></countryCode></dataLang><idCitation><resTitle Sync="TRUE">census2010</resTitle><presForm><PresFormCd value="005" Sync="TRUE"></PresFormCd></presForm></idCitation><spatRpType><SpatRepTypCd value="001" Sync="TRUE"></SpatRepTypCd></spatRpType></dataIdInfo><mdLang><languageCode value="eng" Sync="TRUE"></languageCode><countryCode value="USA" Sync="TRUE"></countryCode></mdLang><distInfo><distFormat><formatName Sync="TRUE">Shapefile</formatName></distFormat><distTranOps><transSize Sync="TRUE">11.229</transSize></distTranOps></distInfo><mdHrLv><ScopeCd value="005" Sync="TRUE"></ScopeCd></mdHrLv><mdHrLvName Sync="TRUE">dataset</mdHrLvName><spatRepInfo><VectSpatRep><geometObjs Name="census2010"><geoObjTyp><GeoObjTypCd value="002" Sync="TRUE"></GeoObjTypCd></geoObjTyp><geoObjCnt Sync="TRUE">21938</geoObjCnt></geometObjs><topLvl><TopoLevCd value="001" Sync="TRUE"></TopoLevCd></topLvl></VectSpatRep></spatRepInfo><spdoinfo><ptvctinf><esriterm Name="census2010"><efeatyp Sync="TRUE">Simple</efeatyp><efeageom code="4" Sync="TRUE"></efeageom><esritopo Sync="TRUE">FALSE</esritopo><efeacnt Sync="TRUE">21938</efeacnt><spindex Sync="TRUE">FALSE</spindex><linrefer Sync="TRUE">FALSE</linrefer></esriterm></ptvctinf></spdoinfo><eainfo><detailed Name="census2010"><enttyp><enttypl Sync="TRUE">census2010</enttypl><enttypt Sync="TRUE">Feature Class</enttypt><enttypc Sync="TRUE">21938</enttypc></enttyp><attr><attrlabl Sync="TRUE">FID</attrlabl><attalias Sync="TRUE">FID</attalias><attrtype Sync="TRUE">OID</attrtype><attwidth Sync="TRUE">4</attwidth><atprecis Sync="TRUE">0</atprecis><attscale Sync="TRUE">0</attscale><attrdef Sync="TRUE">Internal feature number.</attrdef><attrdefs Sync="TRUE">Esri</attrdefs><attrdomv><udom Sync="TRUE">Sequential unique whole numbers that are automatically generated.</udom></attrdomv></attr><attr><attrlabl Sync="TRUE">Shape</attrlabl><attalias Sync="TRUE">Shape</attalias><attrtype Sync="TRUE">Geometry</attrtype><attwidth Sync="TRUE">0</attwidth><atprecis Sync="TRUE">0</atprecis><attscale Sync="TRUE">0</attscale><attrdef Sync="TRUE">Feature geometry.</attrdef><attrdefs Sync="TRUE">Esri</attrdefs><attrdomv><udom Sync="TRUE">Coordinates defining the features.</udom></attrdomv></attr><attr><attrlabl Sync="TRUE">TRACTCE10</attrlabl><attalias Sync="TRUE">TRACTCE10</attalias><attrtype Sync="TRUE">String</attrtype><attwidth Sync="TRUE">6</attwidth><atprecis Sync="TRUE">0</atprecis><attscale Sync="TRUE">0</attscale></attr><attr><attrlabl Sync="TRUE">BLOCKCE10</attrlabl><attalias Sync="TRUE">BLOCKCE10</attalias><attrtype Sync="TRUE">String</attrtype><attwidth Sync="TRUE">4</attwidth><atprecis Sync="TRUE">0</atprecis><attscale Sync="TRUE">0</attscale></attr><attr><attrlabl Sync="TRUE">GEOID10</attrlabl><attalias Sync="TRUE">GEOID10</attalias><attrtype Sync="TRUE">String</attrtype><attwidth Sync="TRUE">15</attwidth><atprecis Sync="TRUE">0</atprecis><attscale Sync="TRUE">0</attscale></attr><attr><attrlabl Sync="TRUE">INTPTLAT10</attrlabl><attalias Sync="TRUE">INTPTLAT10</attalias><attrtype Sync="TRUE">String</attrtype><attwidth Sync="TRUE">11</attwidth><atprecis Sync="TRUE">0</atprecis><attscale Sync="TRUE">0</attscale></attr><attr><attrlabl Sync="TRUE">INTPTLON10</attrlabl><attalias Sync="TRUE">INTPTLON10</attalias><attrtype Sync="TRUE">String</attrtype><attwidth Sync="TRUE">12</attwidth><atprecis Sync="TRUE">0</atprecis><attscale Sync="TRUE">0</attscale></attr><attr><attrlabl Sync="TRUE">LOGRECNO</attrlabl><attalias Sync="TRUE">LOGRECNO</attalias><attrtype Sync="TRUE">String</attrtype><attwidth Sync="TRUE">7</attwidth><atprecis Sync="TRUE">0</atprecis><attscale Sync="TRUE">0</attscale></attr><attr><attrlabl Sync="TRUE">COUNTYSC</attrlabl><attalias Sync="TRUE">COUNTYSC</attalias><attrtype Sync="TRUE">String</attrtype><attwidth Sync="TRUE">2</attwidth><atprecis Sync="TRUE">0</atprecis><attscale Sync="TRUE">0</attscale></attr><attr><attrlabl Sync="TRUE">COUSUB</attrlabl><attalias Sync="TRUE">COUSUB</attalias><attrtype Sync="TRUE">String</attrtype><attwidth Sync="TRUE">5</attwidth><atprecis Sync="TRUE">0</atprecis><attscale Sync="TRUE">0</attscale></attr><attr><attrlabl Sync="TRUE">TRACT</attrlabl><attalias Sync="TRUE">TRACT</attalias><attrtype Sync="TRUE">String</attrtype><attwidth Sync="TRUE">6</attwidth><atprecis Sync="TRUE">0</atprecis><attscale Sync="TRUE">0</attscale></attr><attr><attrlabl Sync="TRUE">BLKGRP</attrlabl><attalias Sync="TRUE">BLKGRP</attalias><attrtype Sync="TRUE">String</attrtype><attwidth Sync="TRUE">1</attwidth><atprecis Sync="TRUE">0</atprecis><attscale Sync="TRUE">0</attscale></attr><attr><attrlabl Sync="TRUE">BLOCK</attrlabl><attalias Sync="TRUE">BLOCK</attalias><attrtype Sync="TRUE">String</attrtype><attwidth Sync="TRUE">4</attwidth><atprecis Sync="TRUE">0</atprecis><attscale Sync="TRUE">0</attscale></attr><attr><attrlabl Sync="TRUE">POP100</attrlabl><attalias Sync="TRUE">POP100</attalias><attrtype Sync="TRUE">String</attrtype><attwidth Sync="TRUE">9</attwidth><atprecis Sync="TRUE">0</atprecis><attscale Sync="TRUE">0</attscale></attr><attr><attrlabl Sync="TRUE">HU100</attrlabl><attalias Sync="TRUE">HU100</attalias><attrtype Sync="TRUE">String</attrtype><attwidth Sync="TRUE">9</attwidth><atprecis Sync="TRUE">0</atprecis><attscale Sync="TRUE">0</attscale></attr><attr><attrlabl Sync="TRUE">WHITE</attrlabl><attalias Sync="TRUE">WHITE</attalias><attrtype Sync="TRUE">Double</attrtype><attwidth Sync="TRUE">16</attwidth><atprecis Sync="TRUE">16</atprecis><attscale Sync="TRUE">0</attscale></attr><attr><attrlabl Sync="TRUE">BLACK</attrlabl><attalias Sync="TRUE">BLACK</attalias><attrtype Sync="TRUE">Double</attrtype><attwidth Sync="TRUE">16</attwidth><atprecis Sync="TRUE">16</atprecis><attscale Sync="TRUE">0</attscale></attr><attr><attrlabl Sync="TRUE">NATIVEAM</attrlabl><attalias Sync="TRUE">NATIVEAM</attalias><attrtype Sync="TRUE">Double</attrtype><attwidth Sync="TRUE">16</attwidth><atprecis Sync="TRUE">16</atprecis><attscale Sync="TRUE">0</attscale></attr><attr><attrlabl Sync="TRUE">ASIAN</attrlabl><attalias Sync="TRUE">ASIAN</attalias><attrtype Sync="TRUE">Double</attrtype><attwidth Sync="TRUE">16</attwidth><atprecis Sync="TRUE">16</atprecis><attscale Sync="TRUE">0</attscale></attr><attr><attrlabl Sync="TRUE">OTHER</attrlabl><attalias Sync="TRUE">OTHER</attalias><attrtype Sync="TRUE">Double</attrtype><attwidth Sync="TRUE">16</attwidth><atprecis Sync="TRUE">16</atprecis><attscale Sync="TRUE">0</attscale></attr><attr><attrlabl Sync="TRUE">HISP</attrlabl><attalias Sync="TRUE">HISP</attalias><attrtype Sync="TRUE">Double</attrtype><attwidth Sync="TRUE">16</attwidth><atprecis Sync="TRUE">16</atprecis><attscale Sync="TRUE">0</attscale></attr><attr><attrlabl Sync="TRUE">NONHISP</attrlabl><attalias Sync="TRUE">NONHISP</attalias><attrtype Sync="TRUE">Double</attrtype><attwidth Sync="TRUE">16</attwidth><atprecis Sync="TRUE">16</atprecis><attscale Sync="TRUE">0</attscale></attr><attr><attrlabl Sync="TRUE">DIST2000</attrlabl><attalias Sync="TRUE">DIST2000</attalias><attrtype Sync="TRUE">Double</attrtype><attwidth Sync="TRUE">16</attwidth><atprecis Sync="TRUE">16</atprecis><attscale Sync="TRUE">0</attscale></attr><attr><attrlabl Sync="TRUE">POP</attrlabl><attalias Sync="TRUE">POP</attalias><attrtype Sync="TRUE">Double</attrtype><attwidth Sync="TRUE">16</attwidth><atprecis Sync="TRUE">16</atprecis><attscale Sync="TRUE">0</attscale></attr><attr><attrlabl Sync="TRUE">HU</attrlabl><attalias Sync="TRUE">HU</attalias><attrtype Sync="TRUE">Double</attrtype><attwidth Sync="TRUE">16</attwidth><atprecis Sync="TRUE">16</atprecis><attscale Sync="TRUE">0</attscale></attr><attr><attrlabl Sync="TRUE">LOCK</attrlabl><attalias Sync="TRUE">LOCK</attalias><attrtype Sync="TRUE">SmallInteger</attrtype><attwidth Sync="TRUE">4</attwidth><atprecis Sync="TRUE">4</atprecis><attscale Sync="TRUE">0</attscale></attr><attr><attrlabl Sync="TRUE">WORKPLAN</attrlabl><attalias Sync="TRUE">WORKPLAN</attalias><attrtype Sync="TRUE">SmallInteger</attrtype><attwidth Sync="TRUE">4</attwidth><atprecis Sync="TRUE">4</atprecis><attscale Sync="TRUE">0</attscale></attr><attr><attrlabl Sync="TRUE">NEW_A</attrlabl><attalias Sync="TRUE">NEW_A</attalias><attrtype Sync="TRUE">SmallInteger</attrtype><attwidth Sync="TRUE">4</attwidth><atprecis Sync="TRUE">4</atprecis><attscale Sync="TRUE">0</attscale></attr><attr><attrlabl Sync="TRUE">NEW_B</attrlabl><attalias Sync="TRUE">NEW_B</attalias><attrtype Sync="TRUE">SmallInteger</attrtype><attwidth Sync="TRUE">4</attwidth><atprecis Sync="TRUE">4</atprecis><attscale Sync="TRUE">0</attscale></attr><attr><attrlabl Sync="TRUE">NEW_C</attrlabl><attalias Sync="TRUE">NEW_C</attalias><attrtype Sync="TRUE">SmallInteger</attrtype><attwidth Sync="TRUE">4</attwidth><atprecis Sync="TRUE">4</atprecis><attscale Sync="TRUE">0</attscale></attr><attr><attrlabl Sync="TRUE">NEW_SOE</attrlabl><attalias Sync="TRUE">NEW_SOE</attalias><attrtype Sync="TRUE">SmallInteger</attrtype><attwidth Sync="TRUE">4</attwidth><atprecis Sync="TRUE">4</atprecis><attscale Sync="TRUE">0</attscale></attr><attr><attrlabl Sync="TRUE">DAN</attrlabl><attalias Sync="TRUE">DAN</attalias><attrtype Sync="TRUE">SmallInteger</attrtype><attwidth Sync="TRUE">4</attwidth><atprecis Sync="TRUE">4</atprecis><attscale Sync="TRUE">0</attscale></attr><attr><attrlabl Sync="TRUE">BWRATIO</attrlabl><attalias Sync="TRUE">BWRATIO</attalias><attrtype Sync="TRUE">Double</attrtype><attwidth Sync="TRUE">13</attwidth><atprecis Sync="TRUE">12</atprecis><attscale Sync="TRUE">11</attscale></attr><attr><attrlabl Sync="TRUE">VOTER</attrlabl><attalias Sync="TRUE">VOTER</attalias><attrtype Sync="TRUE">Double</attrtype><attwidth Sync="TRUE">16</attwidth><atprecis Sync="TRUE">16</atprecis><attscale Sync="TRUE">0</attscale></attr><attr><attrlabl Sync="TRUE">NewArea</attrlabl><attalias Sync="TRUE">NewArea</attalias><attrtype Sync="TRUE">Double</attrtype><attwidth Sync="TRUE">19</attwidth><atprecis Sync="TRUE">0</atprecis><attscale Sync="TRUE">0</attscale></attr><attr><attrlabl Sync="TRUE">NewRatio</attrlabl><attalias Sync="TRUE">NewRatio</attalias><attrtype Sync="TRUE">Double</attrtype><attwidth Sync="TRUE">19</attwidth><atprecis Sync="TRUE">0</atprecis><attscale Sync="TRUE">0</attscale></attr><attr><attrlabl Sync="TRUE">OldArea</attrlabl><attalias Sync="TRUE">OldArea</attalias><attrtype Sync="TRUE">Double</attrtype><attwidth Sync="TRUE">19</attwidth><atprecis Sync="TRUE">0</atprecis><attscale Sync="TRUE">0</attscale></attr></detailed></eainfo><mdDateSt Sync="TRUE">20150615</mdDateSt></metadata>
